"Data Source","Indicadores del desarrollo mundial",

"Last Updated Date","2022-06-30",

"Country Name","Country Code","Indicator Name","Indicator Code","1960","1961","1962","1963","1964","1965","1966","1967","1968","1969","1970","1971","1972","1973","1974","1975","1976","1977","1978","1979","1980","1981","1982","1983","1984","1985","1986","1987","1988","1989","1990","1991","1992","1993","1994","1995","1996","1997","1998","1999","2000","2001","2002","2003","2004","2005","2006","2007","2008","2009","2010","2011","2012","2013","2014","2015","2016","2017","2018","2019","2020","2021",
"Aruba","ABW","Impuestos laborales y contribuciones (% de ganancias comerciales)","IC.TAX.LABR.CP.ZS","","","","","","","","","","","","","","","","","","","","","","","","","","","","","","","","","","","","","","","","","","","","","","","","","","","","","","","","","","","","","","",
"","AFE","Impuestos laborales y contribuciones (% de ganancias comerciales)","IC.TAX.LABR.CP.ZS","","","","","","","","","","","","","","","","","","","","","","","","","","","","","","","","","","","","","","","","","","","","","","7.29166666666667","7.29166666666667","7.28333333333333","7.13333333333333","7.16666666666667","7.2375","7.02916666666667","7.412","7.42","7.768","7.912","8.012","8.052","8.08","8.084","","",
"Afganistán","AFG","Impuestos laborales y contribuciones (% de ganancias comerciales)","IC.TAX.LABR.CP.ZS","","","","","","","","","","","","","","","","","","","","","","","","","","","","","","","","","","","","","","","","","","","","","","0","0","0","0","0","0","0","0","0","0","0","0","0","0","0","","",
"","AFW","Impuestos laborales y contribuciones (% de ganancias comerciales)","IC.TAX.LABR.CP.ZS","","","","","","","","","","","","","","","","","","","","","","","","","","","","","","","","","","","","","","","","","","","","","","21.105","20.1952380952381","20.1952380952381","20.1952380952381","20.1761904761905","20.5380952380952","21.2952380952381","21.2904761904762","20.6181818181818","20.8954545454545","20.9090909090909","20.9727272727273","20.9727272727273","21.0227272727273","21.4772727272727","","",
"Angola","AGO","Impuestos laborales y contribuciones (% de ganancias comerciales)","IC.TAX.LABR.CP.ZS","","","","","","","","","","","","","","","","","","","","","","","","","","","","","","","","","","","","","","","","","","","","","","9","9","9","9","9","9","9","9","9","9","9","9","9","9","9","","",
"Albania","ALB","Impuestos laborales y contribuciones (% de ganancias comerciales)","IC.TAX.LABR.CP.ZS","","","","","","","","","","","","","","","","","","","","","","","","","","","","","","","","","","","","","","","","","","","","","","34.6","34.6","24.5","28.6","31.9","27.3","25","25.3","18.8","18.8","18.8","18.8","18.8","18.8","18.8","","",
"Andorra","AND","Impuestos laborales y contribuciones (% de ganancias comerciales)","IC.TAX.LABR.CP.ZS","","","","","","","","","","","","","","","","","","","","","","","","","","","","","","","","","","","","","","","","","","","","","","","","","","","","","","","","","","","","","","",
"El mundo árabe","ARB","Impuestos laborales y contribuciones (% de ganancias comerciales)","IC.TAX.LABR.CP.ZS","","","","","","","","","","","","","","","","","","","","","","","","","","","","","","","","","","","","","","","","","","","","","","15.2555555555556","15.3","15.145","15.155","15.23","15.205","15.27","15.0714285714286","14.752380952381","15.1238095238095","15.2238095238095","15.3380952380952","15.5380952380952","15.6714285714286","15.5333333333333","","",
"Emiratos Árabes Unidos","ARE","Impuestos laborales y contribuciones (% de ganancias comerciales)","IC.TAX.LABR.CP.ZS","","","","","","","","","","","","","","","","","","","","","","","","","","","","","","","","","","","","","","","","","","","","","","14.1","14.1","14.1","14.1","14.1","14.1","14.1","14.1","14.1","14.1","14.1","14.1","14.1","14.1","14.1","","",
"Argentina","ARG","Impuestos laborales y contribuciones (% de ganancias comerciales)","IC.TAX.LABR.CP.ZS","","","","","","","","","","","","","","","","","","","","","","","","","","","","","","","","","","","","","","","","","","","","","","29.4","29.4","29.4","29.4","29.4","29.4","29.4","29.4","29.3","29.3","29.3","29.3","29.3","29.3","29.9","","",
"Armenia","ARM","Impuestos laborales y contribuciones (% de ganancias comerciales)","IC.TAX.LABR.CP.ZS","","","","","","","","","","","","","","","","","","","","","","","","","","","","","","","","","","","","","","","","","","","","","","19.9","19.9","23","23","23","23","23","23","19.4","0","0","0","0","0","0","","",
"Samoa Americana","ASM","Impuestos laborales y contribuciones (% de ganancias comerciales)","IC.TAX.LABR.CP.ZS","","","","","","","","","","","","","","","","","","","","","","","","","","","","","","","","","","","","","","","","","","","","","","","","","","","","","","","","","","","","","","",
"Antigua y Barbuda","ATG","Impuestos laborales y contribuciones (% de ganancias comerciales)","IC.TAX.LABR.CP.ZS","","","","","","","","","","","","","","","","","","","","","","","","","","","","","","","","","","","","","","","","","","","","","","9.5","9.5","9.5","9.5","9.5","9.5","9.5","9.5","9.4","10.3","10.7","10.7","10.7","11.8","12.1","","",
"Australia","AUS","Impuestos laborales y contribuciones (% de ganancias comerciales)","IC.TAX.LABR.CP.ZS","","","","","","","","","","","","","","","","","","","","","","","","","","","","","","","","","","","","","","","","","","","","","","23.7","23.7","22.2","21.9","21.1","20.9","20.5","20.4","20.8","20.9","21.1","21.1","21.1","21.1","21","","",
"Austria","AUT","Impuestos laborales y contribuciones (% de ganancias comerciales)","IC.TAX.LABR.CP.ZS","","","","","","","","","","","","","","","","","","","","","","","","","","","","","","","","","","","","","","","","","","","","","","35.3","34.5","34.5","34.5","34.6","34.6","34.8","34.7","34.1","34.3","34.3","34.2","34.2","33.8","33.7","","",
"Azerbaiyán","AZE","Impuestos laborales y contribuciones (% de ganancias comerciales)","IC.TAX.LABR.CP.ZS","","","","","","","","","","","","","","","","","","","","","","","","","","","","","","","","","","","","","","","","","","","","","","30.5","24.8","24.8","24.8","24.8","24.8","24.8","24.8","24.8","24.8","24.8","24.8","24.8","24.8","25.4","","",
"Burundi","BDI","Impuestos laborales y contribuciones (% de ganancias comerciales)","IC.TAX.LABR.CP.ZS","","","","","","","","","","","","","","","","","","","","","","","","","","","","","","","","","","","","","","","","","","","","","","7.8","7.8","7.8","7.8","7.8","7.8","10.2","10.2","10.2","10.2","10.2","10.2","10.2","10.2","10.2","","",
"Bélgica","BEL","Impuestos laborales y contribuciones (% de ganancias comerciales)","IC.TAX.LABR.CP.ZS","","","","","","","","","","","","","","","","","","","","","","","","","","","","","","","","","","","","","","","","","","","","","","49.5","49.4","49.3","49.2","49","49.2","49.2","49.6","49.1","49.5","49.4","48.9","46.2","46.2","44.5","","",
"Benin","BEN","Impuestos laborales y contribuciones (% de ganancias comerciales)","IC.TAX.LABR.CP.ZS","","","","","","","","","","","","","","","","","","","","","","","","","","","","","","","","","","","","","","","","","","","","","","30.9","30.9","30.9","30.9","30.9","26.4","26.4","26.4","26.4","26.4","26.4","26.4","26.4","26.4","26.4","","",
"Burkina Faso","BFA","Impuestos laborales y contribuciones (% de ganancias comerciales)","IC.TAX.LABR.CP.ZS","","","","","","","","","","","","","","","","","","","","","","","","","","","","","","","","","","","","","","","","","","","","","","22.6","22.6","22.6","22.6","22.6","22.6","21.4","21.4","21.4","21.4","21.4","21.4","21.4","21.4","21.4","","",
"Bangladesh","BGD","Impuestos laborales y contribuciones (% de ganancias comerciales)","IC.TAX.LABR.CP.ZS","","","","","","","","","","","","","","","","","","","","","","","","","","","","","","","","","","","","","","","","","","","","","","","","","","","","","","0","0","0","0","0","0","0","","",
"Bulgaria","BGR","Impuestos laborales y contribuciones (% de ganancias comerciales)","IC.TAX.LABR.CP.ZS","","","","","","","","","","","","","","","","","","","","","","","","","","","","","","","","","","","","","","","","","","","","","","35.8","33.4","26.6","26.8","22.9","20.4","19.2","20.2","20.2","20.2","20.2","20.2","20.2","20.8","21.5","","",
"Bahrein","BHR","Impuestos laborales y contribuciones (% de ganancias comerciales)","IC.TAX.LABR.CP.ZS","","","","","","","","","","","","","","","","","","","","","","","","","","","","","","","","","","","","","","","","","","","","","","","","14.7","14.7","14.7","13.5","13.5","13.5","13.5","13.5","13.5","13.5","13.5","13.5","13.5","","",
"Bahamas","BHS","Impuestos laborales y contribuciones (% de ganancias comerciales)","IC.TAX.LABR.CP.ZS","","","","","","","","","","","","","","","","","","","","","","","","","","","","","","","","","","","","","","","","","","","","","","","","4.5","4.5","4.5","4.5","6.1","6.1","6.3","6.3","6.3","6.3","6.3","6.3","6.4","","",
"Bosnia y Herzegovina","BIH","Impuestos laborales y contribuciones (% de ganancias comerciales)","IC.TAX.LABR.CP.ZS","","","","","","","","","","","","","","","","","","","","","","","","","","","","","","","","","","","","","","","","","","","","","","17.2","17.2","17.2","17.2","17.6","12.6","12.6","12.6","13.5","13.5","13.5","13.5","13.5","13.6","13.6","","",
"Belarús","BLR","Impuestos laborales y contribuciones (% de ganancias comerciales)","IC.TAX.LABR.CP.ZS","","","","","","","","","","","","","","","","","","","","","","","","","","","","","","","","","","","","","","","","","","","","","","44.1","44.1","44.1","39.6","39.6","39.3","39","39","39","39","39","39","39","39","39","","",
"Belice","BLZ","Impuestos laborales y contribuciones (% de ganancias comerciales)","IC.TAX.LABR.CP.ZS","","","","","","","","","","","","","","","","","","","","","","","","","","","","","","","","","","","","","","","","","","","","","","7","7","7","7","7","7","7","7","5","5","5","5","5","5","5","","",
"Bermudas","BMU","Impuestos laborales y contribuciones (% de ganancias comerciales)","IC.TAX.LABR.CP.ZS","","","","","","","","","","","","","","","","","","","","","","","","","","","","","","","","","","","","","","","","","","","","","","","","","","","","","","","","","","","","","","",
"Bolivia","BOL","Impuestos laborales y contribuciones (% de ganancias comerciales)","IC.TAX.LABR.CP.ZS","","","","","","","","","","","","","","","","","","","","","","","","","","","","","","","","","","","","","","","","","","","","","","15.5","15.5","15.5","15.5","15.5","15.5","15.5","18.8","18.8","18.8","18.8","18.8","18.8","18.8","18.8","","",
"Brasil","BRA","Impuestos laborales y contribuciones (% de ganancias comerciales)","IC.TAX.LABR.CP.ZS","","","","","","","","","","","","","","","","","","","","","","","","","","","","","","","","","","","","","","","","","","","","","","","","","","","","","","39.9","39.8","39.8","39.8","39.4","39.4","39.4","","",
"Barbados","BRB","Impuestos laborales y contribuciones (% de ganancias comerciales)","IC.TAX.LABR.CP.ZS","","","","","","","","","","","","","","","","","","","","","","","","","","","","","","","","","","","","","","","","","","","","","","","","","","","","12.7","12.3","12.2","12.2","12.2","12.2","12.2","12.3","12.7","","",
"Brunei Darussalam","BRN","Impuestos laborales y contribuciones (% de ganancias comerciales)","IC.TAX.LABR.CP.ZS","","","","","","","","","","","","","","","","","","","","","","","","","","","","","","","","","","","","","","","","","","","","","","","5.6","5.6","5.6","5.6","5.6","8.5","8.5","7.9","7.9","7.9","7.9","7.9","7.9","7.9","","",
"Bhután","BTN","Impuestos laborales y contribuciones (% de ganancias comerciales)","IC.TAX.LABR.CP.ZS","","","","","","","","","","","","","","","","","","","","","","","","","","","","","","","","","","","","","","","","","","","","","","0","0","0","0","0","0","0","0","0","0","0","0","0","0","0","","",
"Botswana","BWA","Impuestos laborales y contribuciones (% de ganancias comerciales)","IC.TAX.LABR.CP.ZS","","","","","","","","","","","","","","","","","","","","","","","","","","","","","","","","","","","","","","","","","","","","","","0","0","0","0","0","0","0","0","0","0","0","0","0","0","0","","",
"República Centroafricana","CAF","Impuestos laborales y contribuciones (% de ganancias comerciales)","IC.TAX.LABR.CP.ZS","","","","","","","","","","","","","","","","","","","","","","","","","","","","","","","","","","","","","","","","","","","","","","11.5","8.1","8.1","8.1","8.1","8.1","19.8","19.8","19.8","19.8","19.8","19.8","19.8","19.8","19.8","","",
"Canadá","CAN","Impuestos laborales y contribuciones (% de ganancias comerciales)","IC.TAX.LABR.CP.ZS","","","","","","","","","","","","","","","","","","","","","","","","","","","","","","","","","","","","","","","","","","","","","","12.4","12.4","12.3","12.6","12.5","12.6","12.6","12.7","11.9","12.5","12.7","12.8","12.9","12.6","12.7","","",
"Europa Central y del Báltico","CEB","Impuestos laborales y contribuciones (% de ganancias comerciales)","IC.TAX.LABR.CP.ZS","","","","","","","","","","","","","","","","","","","","","","","","","","","","","","","","","","","","","","","","","","","","","","33.0181818181818","32.7818181818182","31.7272727272727","31.6090909090909","30.8181818181818","30.0545454545455","29.6909090909091","29.8","29.6545454545455","29.5909090909091","29.5636363636364","29.2272727272727","29.2363636363636","28.8272727272727","26.6090909090909","","",
"Suiza","CHE","Impuestos laborales y contribuciones (% de ganancias comerciales)","IC.TAX.LABR.CP.ZS","","","","","","","","","","","","","","","","","","","","","","","","","","","","","","","","","","","","","","","","","","","","","","16.7","16.7","17.2","16.7","16.6","17.5","17.6","17.8","17.7","17.7","17.7","17.7","17.7","17.7","17.7","","",
"Islas del Canal","CHI","Impuestos laborales y contribuciones (% de ganancias comerciales)","IC.TAX.LABR.CP.ZS","","","","","","","","","","","","","","","","","","","","","","","","","","","","","","","","","","","","","","","","","","","","","","","","","","","","","","","","","","","","","","",
"Chile","CHL","Impuestos laborales y contribuciones (% de ganancias comerciales)","IC.TAX.LABR.CP.ZS","","","","","","","","","","","","","","","","","","","","","","","","","","","","","","","","","","","","","","","","","","","","","","3.8","3.8","3.8","3.8","3.8","3.8","3.8","3.8","3.8","5.3","5.3","5.1","5.1","5.1","5.1","","",
"China","CHN","Impuestos laborales y contribuciones (% de ganancias comerciales)","IC.TAX.LABR.CP.ZS","","","","","","","","","","","","","","","","","","","","","","","","","","","","","","","","","","","","","","","","","","","","","","","","","","","","","","49.8","49.5","48.5","48.9","48.1","45.4","46.2","","",
"Côte d'Ivoire","CIV","Impuestos laborales y contribuciones (% de ganancias comerciales)","IC.TAX.LABR.CP.ZS","","","","","","","","","","","","","","","","","","","","","","","","","","","","","","","","","","","","","","","","","","","","","","20.1","20.1","20.1","20.1","20.1","20.1","20.1","20.1","22.1","23.3","23.3","23.3","23.3","23.3","23.3","","",
"Camerún","CMR","Impuestos laborales y contribuciones (% de ganancias comerciales)","IC.TAX.LABR.CP.ZS","","","","","","","","","","","","","","","","","","","","","","","","","","","","","","","","","","","","","","","","","","","","","","18.3","18.3","18.3","18.3","18.3","18.3","18.3","18.3","18.3","18.3","18.3","18.3","18.3","18.3","18.3","","",
"Congo, República Democrática del","COD","Impuestos laborales y contribuciones (% de ganancias comerciales)","IC.TAX.LABR.CP.ZS","","","","","","","","","","","","","","","","","","","","","","","","","","","","","","","","","","","","","","","","","","","","","","7.9","7.9","7.9","7.9","7.9","7.9","7.9","7.9","7.9","12.8","12.6","12.6","12.6","12.6","12.6","","",
"Congo, República del","COG","Impuestos laborales y contribuciones (% de ganancias comerciales)","IC.TAX.LABR.CP.ZS","","","","","","","","","","","","","","","","","","","","","","","","","","","","","","","","","","","","","","","","","","","","","","32.5","32.5","32.5","32.5","32.5","32.5","32.5","32.5","31.3","31.3","31.3","31.3","31.3","31.3","31.3","","",
"Colombia","COL","Impuestos laborales y contribuciones (% de ganancias comerciales)","IC.TAX.LABR.CP.ZS","","","","","","","","","","","","","","","","","","","","","","","","","","","","","","","","","","","","","","","","","","","","","","31.8","32.3","32.7","33.4","33.9","33.9","28.8","28.8","28.8","30.1","18.6","18.6","18.6","18.6","23.6","","",
"Comoras","COM","Impuestos laborales y contribuciones (% de ganancias comerciales)","IC.TAX.LABR.CP.ZS","","","","","","","","","","","","","","","","","","","","","","","","","","","","","","","","","","","","","","","","","","","","","","0","0","0","0","0","0","0","0","0","0","0","0","0","0","0","","",
"Cabo Verde","CPV","Impuestos laborales y contribuciones (% de ganancias comerciales)","IC.TAX.LABR.CP.ZS","","","","","","","","","","","","","","","","","","","","","","","","","","","","","","","","","","","","","","","","","","","","","","18.5","18.5","18.5","18.5","18.5","18.5","18.5","18.5","17.6","17.6","17.6","17.6","17.6","18.1","18.7","","",
"Costa Rica","CRI","Impuestos laborales y contribuciones (% de ganancias comerciales)","IC.TAX.LABR.CP.ZS","","","","","","","","","","","","","","","","","","","","","","","","","","","","","","","","","","","","","","","","","","","","","","32.3","32.3","32.3","32.3","32.3","32.5","32.5","32.5","32.5","32.5","32.5","32.7","32.7","32.7","32.7","","",
"Estados pequeos del Caribe","CSS","Impuestos laborales y contribuciones (% de ganancias comerciales)","IC.TAX.LABR.CP.ZS","","","","","","","","","","","","","","","","","","","","","","","","","","","","","","","","","","","","","","","","","","","","","","7.35454545454545","7.35454545454545","7.11666666666667","7.11666666666667","7.21666666666667","7.21666666666667","7.76153846153846","7.72307692307692","7.51538461538461","7.68461538461538","7.83076923076923","7.83076923076923","7.9","7.99230769230769","8.05384615384616","","",
"Cuba","CUB","Impuestos laborales y contribuciones (% de ganancias comerciales)","IC.TAX.LABR.CP.ZS","","","","","","","","","","","","","","","","","","","","","","","","","","","","","","","","","","","","","","","","","","","","","","","","","","","","","","","","","","","","","","",
"Curacao","CUW","Impuestos laborales y contribuciones (% de ganancias comerciales)","IC.TAX.LABR.CP.ZS","","","","","","","","","","","","","","","","","","","","","","","","","","","","","","","","","","","","","","","","","","","","","","","","","","","","","","","","","","","","","","",
"Islas Caimán","CYM","Impuestos laborales y contribuciones (% de ganancias comerciales)","IC.TAX.LABR.CP.ZS","","","","","","","","","","","","","","","","","","","","","","","","","","","","","","","","","","","","","","","","","","","","","","","","","","","","","","","","","","","","","","",
"Chipre","CYP","Impuestos laborales y contribuciones (% de ganancias comerciales)","IC.TAX.LABR.CP.ZS","","","","","","","","","","","","","","","","","","","","","","","","","","","","","","","","","","","","","","","","","","","","","","","","","11.5","11.5","11.7","11.8","11.8","12","11.9","13.4","13.4","13.4","13","13","","",
"República Checa","CZE","Impuestos laborales y contribuciones (% de ganancias comerciales)","IC.TAX.LABR.CP.ZS","","","","","","","","","","","","","","","","","","","","","","","","","","","","","","","","","","","","","","","","","","","","","","39.5","39.5","39.5","39.5","39.5","38.4","38.4","38.4","38.4","38.4","38.4","38.4","38.4","38.4","38.4","","",
"Alemania","DEU","Impuestos laborales y contribuciones (% de ganancias comerciales)","IC.TAX.LABR.CP.ZS","","","","","","","","","","","","","","","","","","","","","","","","","","","","","","","","","","","","","","","","","","","","","","22.3","21.7","21.7","22.1","22","22","21.8","21.9","21.6","21.2","21.2","21.3","21.4","21.5","21.5","","",
"Djibouti","DJI","Impuestos laborales y contribuciones (% de ganancias comerciales)","IC.TAX.LABR.CP.ZS","","","","","","","","","","","","","","","","","","","","","","","","","","","","","","","","","","","","","","","","","","","","","","17.7","17.7","17.7","17.7","17.7","17.7","17.7","17.7","17.7","17.7","17.7","17.7","17.7","17.7","17.7","","",
"Dominica","DMA","Impuestos laborales y contribuciones (% de ganancias comerciales)","IC.TAX.LABR.CP.ZS","","","","","","","","","","","","","","","","","","","","","","","","","","","","","","","","","","","","","","","","","","","","","","7.9","7.9","7.9","7.9","7.9","7.9","7.9","7.9","7.9","7.9","7.9","7.9","7.9","7.9","7.9","","",
"Dinamarca","DNK","Impuestos laborales y contribuciones (% de ganancias comerciales)","IC.TAX.LABR.CP.ZS","","","","","","","","","","","","","","","","","","","","","","","","","","","","","","","","","","","","","","","","","","","","","","1.4","1.8","2.5","2.5","3.6","3.6","3.6","3.6","3","3","3","3.2","3.9","4","4","","",
"República Dominicana","DOM","Impuestos laborales y contribuciones (% de ganancias comerciales)","IC.TAX.LABR.CP.ZS","","","","","","","","","","","","","","","","","","","","","","","","","","","","","","","","","","","","","","","","","","","","","","8.5","8.9","9.5","13.4","17.8","18.3","18.6","18.6","18.6","18.6","18.6","18.6","18.6","18.6","18.6","","",
"Argelia","DZA","Impuestos laborales y contribuciones (% de ganancias comerciales)","IC.TAX.LABR.CP.ZS","","","","","","","","","","","","","","","","","","","","","","","","","","","","","","","","","","","","","","","","","","","","","","31.3","31.3","30.2","30.2","30.3","30.3","30.3","30.2","30.2","31.1","31.1","31.1","31.1","31.1","31.1","","",
"Asia oriental y el Pacífico (excluido altos ingresos)","EAP","Impuestos laborales y contribuciones (% de ganancias comerciales)","IC.TAX.LABR.CP.ZS","","","","","","","","","","","","","","","","","","","","","","","","","","","","","","","","","","","","","","","","","","","","","","8.48333333333333","8.48333333333333","8.48333333333333","8.5","8.05","8.11111111111111","8.30555555555556","8.06315789473684","10.2904761904762","10.3571428571429","10.3571428571429","10.6238095238095","10.7047619047619","10.6238095238095","11.0714285714286","","",
"inicial del dividendo demográfico","EAR","Impuestos laborales y contribuciones (% de ganancias comerciales)","IC.TAX.LABR.CP.ZS","","","","","","","","","","","","","","","","","","","","","","","","","","","","","","","","","","","","","","","","","","","","","","11.7905660377358","11.7603773584906","11.6685185185185","11.6814814814815","11.7759259259259","11.7888888888889","11.8555555555556","11.6642857142857","11.9901639344262","12.0754098360656","12.1573770491803","12.2311475409836","12.3639344262295","12.4885245901639","12.5852459016393","","",
"Asia oriental y el Pacífico","EAS","Impuestos laborales y contribuciones (% de ganancias comerciales)","IC.TAX.LABR.CP.ZS","","","","","","","","","","","","","","","","","","","","","","","","","","","","","","","","","","","","","","","","","","","","","","9.16666666666667","9.16","9.212","9.312","8.96","9.004","9.36","9.22692307692308","11.0103448275862","11.0172413793103","11.0310344827586","11.2586206896552","11.3793103448276","11.3379310344828","11.6655172413793","","",
"Europa y Asia central (excluido altos ingresos)","ECA","Impuestos laborales y contribuciones (% de ganancias comerciales)","IC.TAX.LABR.CP.ZS","","","","","","","","","","","","","","","","","","","","","","","","","","","","","","","","","","","","","","","","","","","","","","28.275","26.2882352941176","24.7294117647059","24.6764705882353","21.5944444444444","20.9222222222222","20.1222222222222","20.1777777777778","20.4631578947368","19.4736842105263","19.5526315789474","19.4473684210526","18.5105263157895","18.4157894736842","18.5789473684211","","",
"Europa y Asia central","ECS","Impuestos laborales y contribuciones (% de ganancias comerciales)","IC.TAX.LABR.CP.ZS","","","","","","","","","","","","","","","","","","","","","","","","","","","","","","","","","","","","","","","","","","","","","","28.7","27.5577777777778","26.8511111111111","26.4326086956522","25.1191489361702","24.6595744680851","24.4382978723404","24.5958333333333","24.5448979591837","24.1510204081633","24.2326530612245","24.065306122449","23.2265306122449","23.116","22.874","","",
"Ecuador","ECU","Impuestos laborales y contribuciones (% de ganancias comerciales)","IC.TAX.LABR.CP.ZS","","","","","","","","","","","","","","","","","","","","","","","","","","","","","","","","","","","","","","","","","","","","","","13.7","13.7","13.7","13.7","13.7","13.7","13.7","13.7","13.7","13.7","13.7","13.7","13.7","13.7","13.7","","",
"Egipto, República Árabe de","EGY","Impuestos laborales y contribuciones (% de ganancias comerciales)","IC.TAX.LABR.CP.ZS","","","","","","","","","","","","","","","","","","","","","","","","","","","","","","","","","","","","","","","","","","","","","","25.4","25.4","25.4","25.6","25.6","25.8","27.1","25.8","23.4","23.9","24.1","24.4","27.3","28.8","25.5","","",
"Zona del Euro","EMU","Impuestos laborales y contribuciones (% de ganancias comerciales)","IC.TAX.LABR.CP.ZS","","","","","","","","","","","","","","","","","","","","","","","","","","","","","","","","","","","","","","","","","","","","","","32.6375","31.3823529411765","31.2470588235294","30.05","29.9666666666667","29.6111111111111","28.7421052631579","28.8157894736842","28.7789473684211","28.7947368421053","28.8947368421053","28.7684210526316","27.4947368421053","27.9473684210526","28.2736842105263","","",
"Eritrea","ERI","Impuestos laborales y contribuciones (% de ganancias comerciales)","IC.TAX.LABR.CP.ZS","","","","","","","","","","","","","","","","","","","","","","","","","","","","","","","","","","","","","","","","","","","","","","0","0","0","0","0","0","0","0","0","0","0","0","0","0","0","","",
"España","ESP","Impuestos laborales y contribuciones (% de ganancias comerciales)","IC.TAX.LABR.CP.ZS","","","","","","","","","","","","","","","","","","","","","","","","","","","","","","","","","","","","","","","","","","","","","","36.3","36.4","36.5","36.2","34.2","33.7","35.5","35.5","35.2","35.4","35.6","35.6","35.6","35.7","35.8","","",
"Estonia","EST","Impuestos laborales y contribuciones (% de ganancias comerciales)","IC.TAX.LABR.CP.ZS","","","","","","","","","","","","","","","","","","","","","","","","","","","","","","","","","","","","","","","","","","","","","","38.6","38.5","38.3","38.3","38.3","39.2","39.4","39.4","39.4","39","39","38.8","38.8","38.8","38","","",
"Etiopía","ETH","Impuestos laborales y contribuciones (% de ganancias comerciales)","IC.TAX.LABR.CP.ZS","","","","","","","","","","","","","","","","","","","","","","","","","","","","","","","","","","","","","","","","","","","","","","0","0","0","0","0","0","0","3.9","8.5","9.6","11.3","12.4","12.4","12.4","12.4","","",
"Unión Europea","EUU","Impuestos laborales y contribuciones (% de ganancias comerciales)","IC.TAX.LABR.CP.ZS","","","","","","","","","","","","","","","","","","","","","","","","","","","","","","","","","","","","","","","","","","","","","","31.6625","30.764","30.268","29.4692307692308","29.1730769230769","28.5884615384615","27.8592592592593","27.9518518518519","27.8481481481481","27.8407407407407","27.9222222222222","27.7111111111111","26.8444444444444","27","26.3333333333333","","",
"Frágiles y situaciones de conflicto afectados","FCS","Impuestos laborales y contribuciones (% de ganancias comerciales)","IC.TAX.LABR.CP.ZS","","","","","","","","","","","","","","","","","","","","","","","","","","","","","","","","","","","","","","","","","","","","","","13.284375","13","13.10625","13.10625","12.9151515151515","13.0848484848485","13.5181818181818","13.3444444444444","13.2459459459459","12.9432432432432","13.0675675675676","13.1378378378378","13.1378378378378","13.1837837837838","13.5837837837838","","",
"Finlandia","FIN","Impuestos laborales y contribuciones (% de ganancias comerciales)","IC.TAX.LABR.CP.ZS","","","","","","","","","","","","","","","","","","","","","","","","","","","","","","","","","","","","","","","","","","","","","","29.4","29.6","29.7","29.7","29.6","23.9","24.2","24.4","24.5","24.2","24.8","25.1","25.4","23.9","23","","",
"Fiji","FJI","Impuestos laborales y contribuciones (% de ganancias comerciales)","IC.TAX.LABR.CP.ZS","","","","","","","","","","","","","","","","","","","","","","","","","","","","","","","","","","","","","","","","","","","","","","10.2","10.2","10.2","10.2","10.2","10.2","10.2","10.2","10.4","10.4","10.4","12.7","12.7","12.6","12.4","","",
"Francia","FRA","Impuestos laborales y contribuciones (% de ganancias comerciales)","IC.TAX.LABR.CP.ZS","","","","","","","","","","","","","","","","","","","","","","","","","","","","","","","","","","","","","","","","","","","","","","51.8","51.8","52.1","51.3","51.7","51.7","51.7","51.7","51.7","54","53.5","53.5","51.1","49.7","50","","",
"Islas Feroe","FRO","Impuestos laborales y contribuciones (% de ganancias comerciales)","IC.TAX.LABR.CP.ZS","","","","","","","","","","","","","","","","","","","","","","","","","","","","","","","","","","","","","","","","","","","","","","","","","","","","","","","","","","","","","","",
"Micronesia (Estados Federados de)","FSM","Impuestos laborales y contribuciones (% de ganancias comerciales)","IC.TAX.LABR.CP.ZS","","","","","","","","","","","","","","","","","","","","","","","","","","","","","","","","","","","","","","","","","","","","","","6.8","6.8","6.8","6.8","6.8","6.8","7","7.9","7.9","8.5","8.5","8.5","8.5","8.5","8.5","","",
"Gabón","GAB","Impuestos laborales y contribuciones (% de ganancias comerciales)","IC.TAX.LABR.CP.ZS","","","","","","","","","","","","","","","","","","","","","","","","","","","","","","","","","","","","","","","","","","","","","","24.9","24.9","24.9","24.9","24.9","24.9","24.9","24.9","24.9","24.9","24.9","24.9","24.9","25.5","25.5","","",
"Reino Unido","GBR","Impuestos laborales y contribuciones (% de ganancias comerciales)","IC.TAX.LABR.CP.ZS","","","","","","","","","","","","","","","","","","","","","","","","","","","","","","","","","","","","","","","","","","","","","","11.4","11.3","11.3","11.2","11","10.8","11","10.9","11.4","11.3","11.2","10.9","10.9","10.8","12","","",
"Georgia","GEO","Impuestos laborales y contribuciones (% de ganancias comerciales)","IC.TAX.LABR.CP.ZS","","","","","","","","","","","","","","","","","","","","","","","","","","","","","","","","","","","","","","","","","","","","","","35","22.6","22.6","22.6","0","0","0","0","0","0","0","0","0","0","0","","",
"Ghana","GHA","Impuestos laborales y contribuciones (% de ganancias comerciales)","IC.TAX.LABR.CP.ZS","","","","","","","","","","","","","","","","","","","","","","","","","","","","","","","","","","","","","","","","","","","","","","14.1","14.1","14.1","14.1","14.1","14.1","14.7","14.7","14.7","14.7","14.7","14.7","14.7","14.7","14.7","","",
"Gibraltar","GIB","Impuestos laborales y contribuciones (% de ganancias comerciales)","IC.TAX.LABR.CP.ZS","","","","","","","","","","","","","","","","","","","","","","","","","","","","","","","","","","","","","","","","","","","","","","","","","","","","","","","","","","","","","","",
"Guinea","GIN","Impuestos laborales y contribuciones (% de ganancias comerciales)","IC.TAX.LABR.CP.ZS","","","","","","","","","","","","","","","","","","","","","","","","","","","","","","","","","","","","","","","","","","","","","","17.3","17.3","17.3","17.3","17.3","24.4","28.8","28.7","28.6","28.6","28.6","28.6","28.6","28.6","28.6","","",
"Gambia","GMB","Impuestos laborales y contribuciones (% de ganancias comerciales)","IC.TAX.LABR.CP.ZS","","","","","","","","","","","","","","","","","","","","","","","","","","","","","","","","","","","","","","","","","","","","","","12.8","12.8","12.8","12.8","12.4","12.9","12.8","12.8","12.7","12.7","12.7","12.7","12.7","12.7","12.6","","",
"Guinea-Bissau","GNB","Impuestos laborales y contribuciones (% de ganancias comerciales)","IC.TAX.LABR.CP.ZS","","","","","","","","","","","","","","","","","","","","","","","","","","","","","","","","","","","","","","","","","","","","","","24.8","24.8","24.8","24.8","24.8","24.8","24.8","24.8","24.8","24.8","24.8","24.8","24.8","24.8","24.8","","",
"Guinea Ecuatorial","GNQ","Impuestos laborales y contribuciones (% de ganancias comerciales)","IC.TAX.LABR.CP.ZS","","","","","","","","","","","","","","","","","","","","","","","","","","","","","","","","","","","","","","","","","","","","","","25.4","25.4","25.4","25.4","25.4","25.4","25.4","25.4","25.4","25.4","25.4","25.4","25.4","25.4","25.4","","",
"Grecia","GRC","Impuestos laborales y contribuciones (% de ganancias comerciales)","IC.TAX.LABR.CP.ZS","","","","","","","","","","","","","","","","","","","","","","","","","","","","","","","","","","","","","","","","","","","","","","31.7","31.7","31.7","31.7","31.7","31.7","31.7","32.2","32","31","29.3","27.7","28","28.3","28.3","","",
"Granada","GRD","Impuestos laborales y contribuciones (% de ganancias comerciales)","IC.TAX.LABR.CP.ZS","","","","","","","","","","","","","","","","","","","","","","","","","","","","","","","","","","","","","","","","","","","","","","5.6","5.6","5.6","5.6","5.6","5.6","5.6","5.6","5.6","5.6","5.6","5.6","5.6","5.6","5.6","","",
"Groenlandia","GRL","Impuestos laborales y contribuciones (% de ganancias comerciales)","IC.TAX.LABR.CP.ZS","","","","","","","","","","","","","","","","","","","","","","","","","","","","","","","","","","","","","","","","","","","","","","","","","","","","","","","","","","","","","","",
"Guatemala","GTM","Impuestos laborales y contribuciones (% de ganancias comerciales)","IC.TAX.LABR.CP.ZS","","","","","","","","","","","","","","","","","","","","","","","","","","","","","","","","","","","","","","","","","","","","","","14.3","14.3","14.3","14.3","14.3","14.3","14.3","14.3","14.3","14.3","14.3","14.3","14.3","14.3","14.3","","",
"Guam","GUM","Impuestos laborales y contribuciones (% de ganancias comerciales)","IC.TAX.LABR.CP.ZS","","","","","","","","","","","","","","","","","","","","","","","","","","","","","","","","","","","","","","","","","","","","","","","","","","","","","","","","","","","","","","",
"Guyana","GUY","Impuestos laborales y contribuciones (% de ganancias comerciales)","IC.TAX.LABR.CP.ZS","","","","","","","","","","","","","","","","","","","","","","","","","","","","","","","","","","","","","","","","","","","","","","8.8","8.8","8.8","8.8","8.8","8.8","8.8","8.8","8.8","9.2","9.2","9.2","9.2","9.2","9.2","","",
"Ingreso alto","HIC","Impuestos laborales y contribuciones (% de ganancias comerciales)","IC.TAX.LABR.CP.ZS","","","","","","","","","","","","","","","","","","","","","","","","","","","","","","","","","","","","","","","","","","","","","","21.5744680851064","21.1326530612245","20.4365384615385","20.2509433962264","20.2584905660377","20.0924528301887","19.7854545454545","19.8321428571428","19.5034482758621","19.551724137931","19.651724137931","19.5879310344828","19.2396551724138","19.2661016949153","19.0254237288136","","",
"Hong Kong, Región Administrativa Especial","HKG","Impuestos laborales y contribuciones (% de ganancias comerciales)","IC.TAX.LABR.CP.ZS","","","","","","","","","","","","","","","","","","","","","","","","","","","","","","","","","","","","","","","","","","","","","","5.3","5.3","5.3","5.3","5.3","5.3","5.3","5.3","4.9","5.1","5.2","5.3","5.3","5.3","5.3","","",
"Honduras","HND","Impuestos laborales y contribuciones (% de ganancias comerciales)","IC.TAX.LABR.CP.ZS","","","","","","","","","","","","","","","","","","","","","","","","","","","","","","","","","","","","","","","","","","","","","","10.7","10.7","10.7","10.7","10.7","10.7","10.7","5.1","7.8","7.8","7.8","7.8","8.1","8.4","8.8","","",
"Países pobres muy endeudados (PPME)","HPC","Impuestos laborales y contribuciones (% de ganancias comerciales)","IC.TAX.LABR.CP.ZS","","","","","","","","","","","","","","","","","","","","","","","","","","","","","","","","","","","","","","","","","","","","","","14.4027027027027","14.0763157894737","14.0763157894737","14.0763157894737","14.0657894736842","14.2657894736842","14.7763157894737","14.9447368421053","15.1421052631579","15.5315789473684","15.5552631578947","15.6315789473684","15.6684210526316","15.6868421052632","15.9447368421053","","",
"Croacia","HRV","Impuestos laborales y contribuciones (% de ganancias comerciales)","IC.TAX.LABR.CP.ZS","","","","","","","","","","","","","","","","","","","","","","","","","","","","","","","","","","","","","","","","","","","","","","19.4","19.4","19.4","19.4","19.4","19.4","19.4","19.4","17.9","17.1","18.8","19.4","19.4","19.4","19.4","","",
"Haití","HTI","Impuestos laborales y contribuciones (% de ganancias comerciales)","IC.TAX.LABR.CP.ZS","","","","","","","","","","","","","","","","","","","","","","","","","","","","","","","","","","","","","","","","","","","","","","12.4","12.4","12.4","12.4","12.4","12.4","12.4","12.4","12.4","12.4","12.4","12.4","12.4","12.4","12.4","","",
"Hungría","HUN","Impuestos laborales y contribuciones (% de ganancias comerciales)","IC.TAX.LABR.CP.ZS","","","","","","","","","","","","","","","","","","","","","","","","","","","","","","","","","","","","","","","","","","","","","","40.2","40.1","39.4","39.4","39.4","37.1","34.7","34.9","34.3","34.3","34.3","34.3","34.3","29","26.4","","",
"Sólo BIRF","IBD","Impuestos laborales y contribuciones (% de ganancias comerciales)","IC.TAX.LABR.CP.ZS","","","","","","","","","","","","","","","","","","","","","","","","","","","","","","","","","","","","","","","","","","","","","","18.4616666666667","18.1409836065574","17.8704918032787","17.9409836065574","17.3426229508197","17.1655737704918","16.827868852459","16.6048387096774","17.5","17.3279411764706","17.2352941176471","17.25","17.0735294117647","17.2205882352941","17.0470588235294","","",
"BIRF y la AIF","IBT","Impuestos laborales y contribuciones (% de ganancias comerciales)","IC.TAX.LABR.CP.ZS","","","","","","","","","","","","","","","","","","","","","","","","","","","","","","","","","","","","","","","","","","","","","","15.2392","14.9803149606299","14.7700787401575","14.7952755905512","14.4484375","14.4328125","14.409375","14.3198473282443","14.7785714285714","14.8078571428571","14.7935714285714","14.8414285714286","14.7792857142857","14.8757142857143","14.9578571428571","","",
"total de la AIF","IDA","Impuestos laborales y contribuciones (% de ganancias comerciales)","IC.TAX.LABR.CP.ZS","","","","","","","","","","","","","","","","","","","","","","","","","","","","","","","","","","","","","","","","","","","","","","12.2646153846154","12.0590909090909","11.9045454545455","11.8878787878788","11.8134328358209","11.944776119403","12.2074626865672","12.2666666666667","12.2083333333333","12.4277777777778","12.4875","12.5666666666667","12.6125","12.6611111111111","12.9847222222222","","",
"mezcla de la AIF","IDB","Impuestos laborales y contribuciones (% de ganancias comerciales)","IC.TAX.LABR.CP.ZS","","","","","","","","","","","","","","","","","","","","","","","","","","","","","","","","","","","","","","","","","","","","","","12.4692307692308","12.3","11.7769230769231","11.6923076923077","11.8769230769231","11.9615384615385","11.9615384615385","11.9615384615385","11.4666666666667","11.4933333333333","11.7066666666667","11.7733333333333","11.82","11.3666666666667","11.7133333333333","","",
"Indonesia","IDN","Impuestos laborales y contribuciones (% de ganancias comerciales)","IC.TAX.LABR.CP.ZS","","","","","","","","","","","","","","","","","","","","","","","","","","","","","","","","","","","","","","","","","","","","","","","","","","","","","","10.8","11.3","9.2","10.3","11.5","11.6","11.6","","",
"Sólo AIF","IDX","Impuestos laborales y contribuciones (% de ganancias comerciales)","IC.TAX.LABR.CP.ZS","","","","","","","","","","","","","","","","","","","","","","","","","","","","","","","","","","","","","","","","","","","","","","12.2134615384615","12","11.9358490566038","11.9358490566038","11.7981481481481","11.9407407407407","12.2666666666667","12.3375","12.4035087719298","12.6736842105263","12.6929824561403","12.7754385964912","12.8210526315789","13.0017543859649","13.319298245614","","",
"Isla de Man","IMN","Impuestos laborales y contribuciones (% de ganancias comerciales)","IC.TAX.LABR.CP.ZS","","","","","","","","","","","","","","","","","","","","","","","","","","","","","","","","","","","","","","","","","","","","","","","","","","","","","","","","","","","","","","",
"India","IND","Impuestos laborales y contribuciones (% de ganancias comerciales)","IC.TAX.LABR.CP.ZS","","","","","","","","","","","","","","","","","","","","","","","","","","","","","","","","","","","","","","","","","","","","","","","","","","","","","","20.8","20.8","20.8","20.5","20.5","20.3","20.2","","",
"No clasificado","INX","Impuestos laborales y contribuciones (% de ganancias comerciales)","IC.TAX.LABR.CP.ZS","","","","","","","","","","","","","","","","","","","","","","","","","","","","","","","","","","","","","","","","","","","","","","","","","","","","","","","","","","","","","","",
"Irlanda","IRL","Impuestos laborales y contribuciones (% de ganancias comerciales)","IC.TAX.LABR.CP.ZS","","","","","","","","","","","","","","","","","","","","","","","","","","","","","","","","","","","","","","","","","","","","","","12.2","12.2","12.2","12.2","12.2","11.8","11.8","11.8","12.2","12.2","12.2","12.2","12.2","12.2","12.4","","",
"Irán, República Islámica del","IRN","Impuestos laborales y contribuciones (% de ganancias comerciales)","IC.TAX.LABR.CP.ZS","","","","","","","","","","","","","","","","","","","","","","","","","","","","","","","","","","","","","","","","","","","","","","25.9","25.9","25.9","25.9","25.9","25.9","25.9","25.9","25.9","25.9","25.9","25.9","25.9","25.9","25.9","","",
"Iraq","IRQ","Impuestos laborales y contribuciones (% de ganancias comerciales)","IC.TAX.LABR.CP.ZS","","","","","","","","","","","","","","","","","","","","","","","","","","","","","","","","","","","","","","","","","","","","","","13.5","13.5","13.5","13.5","13.5","13.5","13.5","13.5","13.5","13.5","13.5","13.5","13.5","13.5","13.5","","",
"Islandia","ISL","Impuestos laborales y contribuciones (% de ganancias comerciales)","IC.TAX.LABR.CP.ZS","","","","","","","","","","","","","","","","","","","","","","","","","","","","","","","","","","","","","","","","","","","","","","13.6","13.6","13.4","13.2","12.8","15.3","19.6","19.6","18.6","18.5","18.3","18.3","18.1","18.9","20.6","","",
"Israel","ISR","Impuestos laborales y contribuciones (% de ganancias comerciales)","IC.TAX.LABR.CP.ZS","","","","","","","","","","","","","","","","","","","","","","","","","","","","","","","","","","","","","","","","","","","","","","6.7","6.7","5.9","5.3","5.3","5.3","5.3","4.8","5.2","5.5","5.6","5.8","5.9","5.8","5.8","","",
"Italia","ITA","Impuestos laborales y contribuciones (% de ganancias comerciales)","IC.TAX.LABR.CP.ZS","","","","","","","","","","","","","","","","","","","","","","","","","","","","","","","","","","","","","","","","","","","","","","45.1","43.2","43.2","43.2","43.4","43.4","43.4","43.4","43.4","43.4","43.4","43.4","23.2","34.8","42.9","","",
"Jamaica","JAM","Impuestos laborales y contribuciones (% de ganancias comerciales)","IC.TAX.LABR.CP.ZS","","","","","","","","","","","","","","","","","","","","","","","","","","","","","","","","","","","","","","","","","","","","","","13","13","13","13","13","13","13","12.9","12.9","13.3","13.4","13.4","13.4","13.4","13.4","","",
"Jordania","JOR","Impuestos laborales y contribuciones (% de ganancias comerciales)","IC.TAX.LABR.CP.ZS","","","","","","","","","","","","","","","","","","","","","","","","","","","","","","","","","","","","","","","","","","","","","","12.4","12.4","12.4","12.4","12.4","12.4","12.4","12.9","13.8","13.8","14.4","14.9","15.5","16.1","16.1","","",
"Japón","JPN","Impuestos laborales y contribuciones (% de ganancias comerciales)","IC.TAX.LABR.CP.ZS","","","","","","","","","","","","","","","","","","","","","","","","","","","","","","","","","","","","","","","","","","","","","","","","","","","","","","18","18.1","18.2","18.4","18.5","18.6","18.6","","",
"Kazajstán","KAZ","Impuestos laborales y contribuciones (% de ganancias comerciales)","IC.TAX.LABR.CP.ZS","","","","","","","","","","","","","","","","","","","","","","","","","","","","","","","","","","","","","","","","","","","","","","17.8","17.8","17.8","17.9","9.6","11.5","11.2","11.2","11.2","11.2","11.2","11.2","11.2","11.3","10.1","","",
"Kenya","KEN","Impuestos laborales y contribuciones (% de ganancias comerciales)","IC.TAX.LABR.CP.ZS","","","","","","","","","","","","","","","","","","","","","","","","","","","","","","","","","","","","","","","","","","","","","","6.8","6.8","6.8","6.8","6.8","6.8","6.8","6.8","1.9","1.9","1.9","1.9","1.9","1.9","1.9","","",
"Kirguistán","KGZ","Impuestos laborales y contribuciones (% de ganancias comerciales)","IC.TAX.LABR.CP.ZS","","","","","","","","","","","","","","","","","","","","","","","","","","","","","","","","","","","","","","","","","","","","","","28.2","27.1","23.7","23.7","21.4","21.5","19.5","19.5","19.5","19.5","19.5","19.5","19.5","19.5","19.5","","",
"Camboya","KHM","Impuestos laborales y contribuciones (% de ganancias comerciales)","IC.TAX.LABR.CP.ZS","","","","","","","","","","","","","","","","","","","","","","","","","","","","","","","","","","","","","","","","","","","","","","0","0","0","0","1.3","1.3","1.3","1.3","0.5","0.5","0.5","0.5","0.5","0.5","2.3","","",
"Kiribati","KIR","Impuestos laborales y contribuciones (% de ganancias comerciales)","IC.TAX.LABR.CP.ZS","","","","","","","","","","","","","","","","","","","","","","","","","","","","","","","","","","","","","","","","","","","","","","8.5","8.5","8.5","8.5","8.5","8.5","8.5","8.5","8.5","8.5","8.5","8.5","8.5","8.5","8.5","","",
"Saint Kitts y Nevis","KNA","Impuestos laborales y contribuciones (% de ganancias comerciales)","IC.TAX.LABR.CP.ZS","","","","","","","","","","","","","","","","","","","","","","","","","","","","","","","","","","","","","","","","","","","","","","11.3","11.3","11.3","11.3","11.3","11.3","11.3","11.3","11.3","11.2","11.2","11.2","11.2","11.2","11.2","","",
"Corea, República de","KOR","Impuestos laborales y contribuciones (% de ganancias comerciales)","IC.TAX.LABR.CP.ZS","","","","","","","","","","","","","","","","","","","","","","","","","","","","","","","","","","","","","","","","","","","","","","12.2","12.2","11.4","13.4","13.2","12.9","13.2","13.4","13.6","13.6","13.6","13.6","13.5","13.5","13.7","","",
"Kuwait","KWT","Impuestos laborales y contribuciones (% de ganancias comerciales)","IC.TAX.LABR.CP.ZS","","","","","","","","","","","","","","","","","","","","","","","","","","","","","","","","","","","","","","","","","","","","","","10.7","10.7","10.7","10.7","10.7","10.7","10.7","12.4","12.4","12.8","13","13","13","13","13","","",
"América Latina y el Caribe (excluido altos ingresos)","LAC","Impuestos laborales y contribuciones (% de ganancias comerciales)","IC.TAX.LABR.CP.ZS","","","","","","","","","","","","","","","","","","","","","","","","","","","","","","","","","","","","","","","","","","","","","","13.6761904761905","13.7190476190476","13.7666666666667","13.9857142857143","14.2380952380952","14.2714285714286","14.0952380952381","13.9809523809524","15.6478260869565","15.7391304347826","15.3173913043478","15.3826086956522","15.404347826087","15.5086956521739","15.8217391304348","","",
"República Democrática Popular Lao","LAO","Impuestos laborales y contribuciones (% de ganancias comerciales)","IC.TAX.LABR.CP.ZS","","","","","","","","","","","","","","","","","","","","","","","","","","","","","","","","","","","","","","","","","","","","","","5.6","5.6","5.6","5.6","5.6","5.6","5.6","5.6","5.6","5.6","5.6","6.8","6.8","6.8","6.8","","",
"Líbano","LBN","Impuestos laborales y contribuciones (% de ganancias comerciales)","IC.TAX.LABR.CP.ZS","","","","","","","","","","","","","","","","","","","","","","","","","","","","","","","","","","","","","","","","","","","","","","24.1","24.1","24.1","24.1","24.1","24.1","24.1","24.1","23.4","23.8","23.8","23.8","23.8","24.5","24.9","","",
"Liberia","LBR","Impuestos laborales y contribuciones (% de ganancias comerciales)","IC.TAX.LABR.CP.ZS","","","","","","","","","","","","","","","","","","","","","","","","","","","","","","","","","","","","","","","","","","","","","","","5.4","5.4","5.4","5.4","5.4","5.4","5.4","5.4","5.4","5.4","5.4","5.4","5.4","6.1","","",
"Libia","LBY","Impuestos laborales y contribuciones (% de ganancias comerciales)","IC.TAX.LABR.CP.ZS","","","","","","","","","","","","","","","","","","","","","","","","","","","","","","","","","","","","","","","","","","","","","","","","","","","","","10.3","10.3","10.3","10.3","10.3","10.3","10.3","10.3","","",
"Santa Lucía","LCA","Impuestos laborales y contribuciones (% de ganancias comerciales)","IC.TAX.LABR.CP.ZS","","","","","","","","","","","","","","","","","","","","","","","","","","","","","","","","","","","","","","","","","","","","","","5.6","5.6","5.6","5.6","5.6","5.6","5.6","5.6","5.6","5.6","5.6","5.6","5.6","5.6","5.6","","",
"América Latina y el Caribe","LCN","Impuestos laborales y contribuciones (% de ganancias comerciales)","IC.TAX.LABR.CP.ZS","","","","","","","","","","","","","","","","","","","","","","","","","","","","","","","","","","","","","","","","","","","","","","13.0344827586207","13.0724137931034","12.8566666666667","13.11","13.4766666666667","13.56","13.4645161290323","13.3129032258065","14.4666666666667","14.6242424242424","14.3515151515152","14.3878787878788","14.430303030303","14.5393939393939","14.7878787878788","","",
"Países menos desarrollados: clasificación de las Naciones Unidas","LDC","Impuestos laborales y contribuciones (% de ganancias comerciales)","IC.TAX.LABR.CP.ZS","","","","","","","","","","","","","","","","","","","","","","","","","","","","","","","","","","","","","","","","","","","","","","11.64","11.4048780487805","11.4048780487805","11.4048780487805","11.4268292682927","11.6121951219512","12.0439024390244","12.1325581395349","11.9295454545455","12.2295454545455","12.2295454545455","12.2977272727273","12.3113636363636","12.5022727272727","13.0545454545455","","",
"Países de ingreso bajo","LIC","Impuestos laborales y contribuciones (% de ganancias comerciales)","IC.TAX.LABR.CP.ZS","","","","","","","","","","","","","","","","","","","","","","","","","","","","","","","","","","","","","","","","","","","","","","13.4791666666667","13.02","13.02","13.02","13.004","13.488","14.196","14.7230769230769","15.0461538461538","15.3576923076923","15.3730769230769","15.4153846153846","15.4269230769231","15.4307692307692","15.7923076923077","","",
"Liechtenstein","LIE","Impuestos laborales y contribuciones (% de ganancias comerciales)","IC.TAX.LABR.CP.ZS","","","","","","","","","","","","","","","","","","","","","","","","","","","","","","","","","","","","","","","","","","","","","","","","","","","","","","","","","","","15.2","15.2","","",
"Sri Lanka","LKA","Impuestos laborales y contribuciones (% de ganancias comerciales)","IC.TAX.LABR.CP.ZS","","","","","","","","","","","","","","","","","","","","","","","","","","","","","","","","","","","","","","","","","","","","","","16.9","16.9","16.9","16.9","16.9","16.9","16.9","16.9","16.9","16.9","16.9","16.9","16.9","16.9","16.9","","",
"Países de ingreso mediano bajo","LMC","Impuestos laborales y contribuciones (% de ganancias comerciales)","IC.TAX.LABR.CP.ZS","","","","","","","","","","","","","","","","","","","","","","","","","","","","","","","","","","","","","","","","","","","","","","15.1895833333333","15.1145833333333","14.9041666666667","14.8895833333333","14.71875","14.6875","14.8145833333333","14.4183673469388","13.8722222222222","14.0537037037037","14.1111111111111","14.1888888888889","13.9981481481481","14.1833333333333","14.5","","",
"Ingreso mediano y bajo","LMY","Impuestos laborales y contribuciones (% de ganancias comerciales)","IC.TAX.LABR.CP.ZS","","","","","","","","","","","","","","","","","","","","","","","","","","","","","","","","","","","","","","","","","","","","","","14.9339130434783","14.6564102564103","14.442735042735","14.4717948717949","14.0805084745763","14.0779661016949","14.1516949152542","14.1586776859504","14.6769230769231","14.6884615384615","14.6607692307692","14.7407692307692","14.6661538461538","14.76","15.0161538461538","","",
"Lesotho","LSO","Impuestos laborales y contribuciones (% de ganancias comerciales)","IC.TAX.LABR.CP.ZS","","","","","","","","","","","","","","","","","","","","","","","","","","","","","","","","","","","","","","","","","","","","","","0","0","0","0","0","0","0","0","0","0","0","0","0","0","0","","",
"avanzada del dividendo demográfico","LTE","Impuestos laborales y contribuciones (% de ganancias comerciales)","IC.TAX.LABR.CP.ZS","","","","","","","","","","","","","","","","","","","","","","","","","","","","","","","","","","","","","","","","","","","","","","19.225","18.4571428571429","17.7090909090909","17.7022222222222","16.8866666666667","16.9155555555556","16.6111111111111","16.4355555555556","17.6625","17.3625","17.225","17.2416666666667","17.2625","17.2333333333333","16.9208333333333","","",
"Lituania","LTU","Impuestos laborales y contribuciones (% de ganancias comerciales)","IC.TAX.LABR.CP.ZS","","","","","","","","","","","","","","","","","","","","","","","","","","","","","","","","","","","","","","","","","","","","","","35.2","35.2","35.2","35.2","35.1","35.1","35.1","35.1","35.2","35.2","35.2","35.2","35.2","35.2","35.2","","",
"Luxemburgo","LUX","Impuestos laborales y contribuciones (% de ganancias comerciales)","IC.TAX.LABR.CP.ZS","","","","","","","","","","","","","","","","","","","","","","","","","","","","","","","","","","","","","","","","","","","","","","","15.3","15.3","15.3","15.3","15.3","15.1","15.4","15.8","15.6","15.5","15.7","15.5","15.6","15.4","","",
"Letonia","LVA","Impuestos laborales y contribuciones (% de ganancias comerciales)","IC.TAX.LABR.CP.ZS","","","","","","","","","","","","","","","","","","","","","","","","","","","","","","","","","","","","","","","","","","","","","","27.2","27.2","27.2","27.2","27.2","27.2","27.2","27.3","27.2","27.2","26.6","26.6","26.6","26.6","27.2","","",
"Región Administrativa Especial de Macao, China","MAC","Impuestos laborales y contribuciones (% de ganancias comerciales)","IC.TAX.LABR.CP.ZS","","","","","","","","","","","","","","","","","","","","","","","","","","","","","","","","","","","","","","","","","","","","","","","","","","","","","","","","","","","","","","",
"Isla de San Martín (parte francesa)","MAF","Impuestos laborales y contribuciones (% de ganancias comerciales)","IC.TAX.LABR.CP.ZS","","","","","","","","","","","","","","","","","","","","","","","","","","","","","","","","","","","","","","","","","","","","","","","","","","","","","","","","","","","","","","",
"Marruecos","MAR","Impuestos laborales y contribuciones (% de ganancias comerciales)","IC.TAX.LABR.CP.ZS","","","","","","","","","","","","","","","","","","","","","","","","","","","","","","","","","","","","","","","","","","","","","","19.7","19.7","21.5","21.5","22.2","22.7","22.7","22.7","22.2","22.2","22.3","22.6","23.3","23.3","23.3","","",
"Mónaco","MCO","Impuestos laborales y contribuciones (% de ganancias comerciales)","IC.TAX.LABR.CP.ZS","","","","","","","","","","","","","","","","","","","","","","","","","","","","","","","","","","","","","","","","","","","","","","","","","","","","","","","","","","","","","","",
"República de Moldova","MDA","Impuestos laborales y contribuciones (% de ganancias comerciales)","IC.TAX.LABR.CP.ZS","","","","","","","","","","","","","","","","","","","","","","","","","","","","","","","","","","","","","","","","","","","","","","33.9","33.1","31.9","31.4","30.8","30.2","30.6","30.6","30.2","30.2","30.8","31.1","31.3","31.3","29.9","","",
"Madagascar","MDG","Impuestos laborales y contribuciones (% de ganancias comerciales)","IC.TAX.LABR.CP.ZS","","","","","","","","","","","","","","","","","","","","","","","","","","","","","","","","","","","","","","","","","","","","","","20.3","20.3","20.3","20.3","20.3","20.3","20.3","20.3","20.3","20.3","20.3","20.3","20.3","20.3","20.3","","",
"Maldivas","MDV","Impuestos laborales y contribuciones (% de ganancias comerciales)","IC.TAX.LABR.CP.ZS","","","","","","","","","","","","","","","","","","","","","","","","","","","","","","","","","","","","","","","","","","","","","","0","0","0","0","0","0","0","5.3","7.9","7.9","7.9","7.9","7.9","7.9","7.9","","",
"Oriente Medio y Norte de África","MEA","Impuestos laborales y contribuciones (% de ganancias comerciales)","IC.TAX.LABR.CP.ZS","","","","","","","","","","","","","","","","","","","","","","","","","","","","","","","","","","","","","","","","","","","","","","16.4294117647059","16.4764705882353","16.1473684210526","16.1263157894737","16.2052631578947","16.1789473684211","15.97","15.7142857142857","15.6","15.7238095238095","15.8285714285714","15.9619047619048","16.1761904761905","16.3047619047619","16.1666666666667","","",
"México","MEX","Impuestos laborales y contribuciones (% de ganancias comerciales)","IC.TAX.LABR.CP.ZS","","","","","","","","","","","","","","","","","","","","","","","","","","","","","","","","","","","","","","","","","","","","","","","","","","","","","","25.8","25.9","25.4","25.5","25.6","26.9","27.2","","",
"Islas Marshall","MHL","Impuestos laborales y contribuciones (% de ganancias comerciales)","IC.TAX.LABR.CP.ZS","","","","","","","","","","","","","","","","","","","","","","","","","","","","","","","","","","","","","","","","","","","","","","11.8","11.8","11.8","11.8","11.8","11.8","11.8","11.8","11.8","11.8","11.8","11.8","11.8","12.8","13","","",
" Ingreso mediano","MIC","Impuestos laborales y contribuciones (% de ganancias comerciales)","IC.TAX.LABR.CP.ZS","","","","","","","","","","","","","","","","","","","","","","","","","","","","","","","","","","","","","","","","","","","","","","15.3175824175824","15.1010869565217","14.829347826087","14.8663043478261","14.3698924731183","14.2365591397849","14.1397849462366","14.0042105263158","14.5846153846154","14.5211538461538","14.4826923076923","14.5721153846154","14.4759615384615","14.5923076923077","14.8221153846154","","",
"Macedonia del Norte","MKD","Impuestos laborales y contribuciones (% de ganancias comerciales)","IC.TAX.LABR.CP.ZS","","","","","","","","","","","","","","","","","","","","","","","","","","","","","","","","","","","","","","","","","","","","","","0.5","0.5","0.5","0.8","0.8","0.6","0","0","0","0","0","0","0","0","0","","",
"Malí","MLI","Impuestos laborales y contribuciones (% de ganancias comerciales)","IC.TAX.LABR.CP.ZS","","","","","","","","","","","","","","","","","","","","","","","","","","","","","","","","","","","","","","","","","","","","","","32.6","32.6","32.6","32.6","32.6","32.6","34.3","34.3","34.3","34.3","34.3","34.3","34.3","34.3","43.1","","",
"Malta","MLT","Impuestos laborales y contribuciones (% de ganancias comerciales)","IC.TAX.LABR.CP.ZS","","","","","","","","","","","","","","","","","","","","","","","","","","","","","","","","","","","","","","","","","","","","","","","","","","","","10.7","10.7","10.6","10.7","10.7","10.9","11.1","11.1","11.1","","",
"Myanmar","MMR","Impuestos laborales y contribuciones (% de ganancias comerciales)","IC.TAX.LABR.CP.ZS","","","","","","","","","","","","","","","","","","","","","","","","","","","","","","","","","","","","","","","","","","","","","","","","","","","","","0","0","0","0.2","0.3","0.3","0.3","0.3","","",
"Oriente Medio y Norte de África (excluido altos ingresos)","MNA","Impuestos laborales y contribuciones (% de ganancias comerciales)","IC.TAX.LABR.CP.ZS","","","","","","","","","","","","","","","","","","","","","","","","","","","","","","","","","","","","","","","","","","","","","","18.7666666666667","18.7666666666667","18.825","18.8416666666667","18.9666666666667","19.025","19.1333333333333","18.3846153846154","18.1769230769231","18.3153846153846","18.3846153846154","18.4692307692308","18.7923076923077","19.0076923076923","18.7846153846154","","",
"Montenegro","MNE","Impuestos laborales y contribuciones (% de ganancias comerciales)","IC.TAX.LABR.CP.ZS","","","","","","","","","","","","","","","","","","","","","","","","","","","","","","","","","","","","","","","","","","","","","","","19.4","19.4","20","18.8","17.9","12.8","12.8","12.8","12.8","12.8","13.3","13.4","13.4","13.4","","",
"Mongolia","MNG","Impuestos laborales y contribuciones (% de ganancias comerciales)","IC.TAX.LABR.CP.ZS","","","","","","","","","","","","","","","","","","","","","","","","","","","","","","","","","","","","","","","","","","","","","","22.6","22.6","22.6","22.6","12.4","12.4","12.4","12.4","12.4","12.4","12.4","12.4","12.4","12.4","13.5","","",
"Mariana","MNP","Impuestos laborales y contribuciones (% de ganancias comerciales)","IC.TAX.LABR.CP.ZS","","","","","","","","","","","","","","","","","","","","","","","","","","","","","","","","","","","","","","","","","","","","","","","","","","","","","","","","","","","","","","",
"Mozambique","MOZ","Impuestos laborales y contribuciones (% de ganancias comerciales)","IC.TAX.LABR.CP.ZS","","","","","","","","","","","","","","","","","","","","","","","","","","","","","","","","","","","","","","","","","","","","","","4.5","4.5","4.5","4.5","4.5","4.5","4.5","4.5","4.5","4.5","4.5","4.5","4.5","4.5","4.5","","",
"Mauritania","MRT","Impuestos laborales y contribuciones (% de ganancias comerciales)","IC.TAX.LABR.CP.ZS","","","","","","","","","","","","","","","","","","","","","","","","","","","","","","","","","","","","","","","","","","","","","","8.7","8.7","8.7","8.7","8.7","8.7","8.7","8.7","4.7","10.3","10.3","10.3","10.3","10.3","10.3","","",
"Mauricio","MUS","Impuestos laborales y contribuciones (% de ganancias comerciales)","IC.TAX.LABR.CP.ZS","","","","","","","","","","","","","","","","","","","","","","","","","","","","","","","","","","","","","","","","","","","","","","6.6","6.6","6.6","7.8","8.1","8.6","10.2","10.2","6.8","6.8","7.4","7.7","7.9","8.1","8.2","","",
"Malawi","MWI","Impuestos laborales y contribuciones (% de ganancias comerciales)","IC.TAX.LABR.CP.ZS","","","","","","","","","","","","","","","","","","","","","","","","","","","","","","","","","","","","","","","","","","","","","","1.1","1.1","1.1","1.1","1.1","1.1","1.1","6.1","9.6","12.4","12.4","12.4","12.4","12.4","12.4","","",
"Malasia","MYS","Impuestos laborales y contribuciones (% de ganancias comerciales)","IC.TAX.LABR.CP.ZS","","","","","","","","","","","","","","","","","","","","","","","","","","","","","","","","","","","","","","","","","","","","","","15.6","15.6","15.6","15.6","15.6","15.6","15.6","15.6","16.4","16.4","16.4","16.4","16.4","16.4","16.7","","",
"América del Norte","NAC","Impuestos laborales y contribuciones (% de ganancias comerciales)","IC.TAX.LABR.CP.ZS","","","","","","","","","","","","","","","","","","","","","","","","","","","","","","","","","","","","","","","","","","","","","","12.4","12.4","12.3","12.6","12.5","12.6","12.6","12.7","10.8","11.1","11.25","11.3","11.35","11.2","11.25","","",
"Namibia","NAM","Impuestos laborales y contribuciones (% de ganancias comerciales)","IC.TAX.LABR.CP.ZS","","","","","","","","","","","","","","","","","","","","","","","","","","","","","","","","","","","","","","","","","","","","","","1","1","1","1","1","1","1","1","1","1","1.9","1.9","1.9","1.9","1.9","","",
"Nueva Caledonia","NCL","Impuestos laborales y contribuciones (% de ganancias comerciales)","IC.TAX.LABR.CP.ZS","","","","","","","","","","","","","","","","","","","","","","","","","","","","","","","","","","","","","","","","","","","","","","","","","","","","","","","","","","","","","","",
"Níger","NER","Impuestos laborales y contribuciones (% de ganancias comerciales)","IC.TAX.LABR.CP.ZS","","","","","","","","","","","","","","","","","","","","","","","","","","","","","","","","","","","","","","","","","","","","","","19.6","19.6","19.6","19.6","19.6","19.6","20.2","20.2","20.1","21.1","22.3","22.3","22.3","22.3","22.3","","",
"Nigeria","NGA","Impuestos laborales y contribuciones (% de ganancias comerciales)","IC.TAX.LABR.CP.ZS","","","","","","","","","","","","","","","","","","","","","","","","","","","","","","","","","","","","","","","","","","","","","","","","","","","","","","10.7","10.7","12.1","13.5","13.5","13.5","13.5","","",
"Nicaragua","NIC","Impuestos laborales y contribuciones (% de ganancias comerciales)","IC.TAX.LABR.CP.ZS","","","","","","","","","","","","","","","","","","","","","","","","","","","","","","","","","","","","","","","","","","","","","","19.2","19.2","19.2","19.2","19.2","19.2","20.3","20.3","20.3","20.3","21.4","22.6","23.1","23.7","23.7","","",
"Países Bajos","NLD","Impuestos laborales y contribuciones (% de ganancias comerciales)","IC.TAX.LABR.CP.ZS","","","","","","","","","","","","","","","","","","","","","","","","","","","","","","","","","","","","","","","","","","","","","","18","17.2","15.8","15.9","17.3","17.9","18.1","18.1","18.4","17.6","20.2","19.4","19.8","19.9","20.5","","",
"Noruega","NOR","Impuestos laborales y contribuciones (% de ganancias comerciales)","IC.TAX.LABR.CP.ZS","","","","","","","","","","","","","","","","","","","","","","","","","","","","","","","","","","","","","","","","","","","","","","15.9","15.9","15.9","15.9","15.9","15.9","15.9","15.9","15.9","15.9","15.9","15.9","15.9","15.9","15.9","","",
"Nepal","NPL","Impuestos laborales y contribuciones (% de ganancias comerciales)","IC.TAX.LABR.CP.ZS","","","","","","","","","","","","","","","","","","","","","","","","","","","","","","","","","","","","","","","","","","","","","","11.3","11.3","11.3","11.3","11.3","11.3","11.3","11.3","11.3","11.3","11.3","11.3","11.3","19.9","26.2","","",
"Nauru","NRU","Impuestos laborales y contribuciones (% de ganancias comerciales)","IC.TAX.LABR.CP.ZS","","","","","","","","","","","","","","","","","","","","","","","","","","","","","","","","","","","","","","","","","","","","","","","","","","","","","","","","","","","","","","",
"Nueva Zelandia","NZL","Impuestos laborales y contribuciones (% de ganancias comerciales)","IC.TAX.LABR.CP.ZS","","","","","","","","","","","","","","","","","","","","","","","","","","","","","","","","","","","","","","","","","","","","","","2.4","2.4","2.4","2.4","2.6","3","2.9","3.7","3.1","3","2.7","2.5","2.8","2.8","2.8","","",
"Miembros OCDE","OED","Impuestos laborales y contribuciones (% de ganancias comerciales)","IC.TAX.LABR.CP.ZS","","","","","","","","","","","","","","","","","","","","","","","","","","","","","","","","","","","","","","","","","","","","","","25.7382352941177","25.3457142857143","25.1828571428571","25.1628571428571","24.98","24.7628571428571","24.62","24.6857142857143","24.0815789473684","24.2052631578947","23.9236842105263","23.8657894736842","23.2552631578947","23.4052631578947","23.7236842105263","","",
"Omán","OMN","Impuestos laborales y contribuciones (% de ganancias comerciales)","IC.TAX.LABR.CP.ZS","","","","","","","","","","","","","","","","","","","","","","","","","","","","","","","","","","","","","","","","","","","","","","10.2","11","11.8","11.8","11.8","11.8","11.8","11.8","11.8","11.8","12.4","13","13","13","13","","",
"Otros Estados pequeos","OSS","Impuestos laborales y contribuciones (% de ganancias comerciales)","IC.TAX.LABR.CP.ZS","","","","","","","","","","","","","","","","","","","","","","","","","","","","","","","","","","","","","","","","","","","","","","11.5842105263158","11.6666666666667","11.7652173913044","11.7041666666667","11.6333333333333","11.7375","11.472","11.9269230769231","11.8115384615385","11.8","11.9653846153846","12.0153846153846","12.0538461538462","12.1461538461538","12.4884615384615","","",
"Pakistán","PAK","Impuestos laborales y contribuciones (% de ganancias comerciales)","IC.TAX.LABR.CP.ZS","","","","","","","","","","","","","","","","","","","","","","","","","","","","","","","","","","","","","","","","","","","","","","","","","","","","","","12.6","12.8","13.2","13.8","14.5","14.8","15","","",
"Panamá","PAN","Impuestos laborales y contribuciones (% de ganancias comerciales)","IC.TAX.LABR.CP.ZS","","","","","","","","","","","","","","","","","","","","","","","","","","","","","","","","","","","","","","","","","","","","","","20.7","20.9","21.7","21.7","21.7","21.7","21.7","19.8","19.8","20","20","20","20","20","20","","",
"Perú","PER","Impuestos laborales y contribuciones (% de ganancias comerciales)","IC.TAX.LABR.CP.ZS","","","","","","","","","","","","","","","","","","","","","","","","","","","","","","","","","","","","","","","","","","","","","","11.8","11.8","11.8","11.8","11","11","11","11","11","11","11","11","11","11","11","","",
"Filipinas","PHL","Impuestos laborales y contribuciones (% de ganancias comerciales)","IC.TAX.LABR.CP.ZS","","","","","","","","","","","","","","","","","","","","","","","","","","","","","","","","","","","","","","","","","","","","","","9.5","9.5","9.5","9.8","9.8","9.8","10.8","10.8","8","8","8.7","8.7","8.7","8.7","8.9","","",
"Palau","PLW","Impuestos laborales y contribuciones (% de ganancias comerciales)","IC.TAX.LABR.CP.ZS","","","","","","","","","","","","","","","","","","","","","","","","","","","","","","","","","","","","","","","","","","","","","","6.5","6.5","6.5","6.5","6.5","6.5","6.5","9.3","9.2","9.5","9.5","9.5","9.6","9.9","10.7","","",
"Papua Nueva Guinea","PNG","Impuestos laborales y contribuciones (% de ganancias comerciales)","IC.TAX.LABR.CP.ZS","","","","","","","","","","","","","","","","","","","","","","","","","","","","","","","","","","","","","","","","","","","","","","10.9","10.9","10.9","10.9","11.7","11.7","11.7","11.7","11.7","11.7","11.7","11.7","11.7","11.7","9.5","","",
"Polonia","POL","Impuestos laborales y contribuciones (% de ganancias comerciales)","IC.TAX.LABR.CP.ZS","","","","","","","","","","","","","","","","","","","","","","","","","","","","","","","","","","","","","","","","","","","","","","27","27","27.3","27.1","23.5","23.7","23.6","23.8","24.4","24.7","24.8","24.9","25","25.2","25.3","","",
"previa al dividendo demográfico","PRE","Impuestos laborales y contribuciones (% de ganancias comerciales)","IC.TAX.LABR.CP.ZS","","","","","","","","","","","","","","","","","","","","","","","","","","","","","","","","","","","","","","","","","","","","","","14.9818181818182","14.6","14.6","14.6","14.5882352941176","14.8117647058824","15.3323529411765","15.5828571428571","15.3166666666667","15.6861111111111","15.6722222222222","15.7277777777778","15.7361111111111","15.7277777777778","16.1777777777778","","",
"Puerto Rico","PRI","Impuestos laborales y contribuciones (% de ganancias comerciales)","IC.TAX.LABR.CP.ZS","","","","","","","","","","","","","","","","","","","","","","","","","","","","","","","","","","","","","","","","","","","","","","12.6","12.6","12.6","12.6","12.6","14.4","14.4","14.4","13.5","13.5","13.5","13.4","13.4","13.4","13.4","","",
"Corea, República Popular Democrática de","PRK","Impuestos laborales y contribuciones (% de ganancias comerciales)","IC.TAX.LABR.CP.ZS","","","","","","","","","","","","","","","","","","","","","","","","","","","","","","","","","","","","","","","","","","","","","","","","","","","","","","","","","","","","","","",
"Portugal","PRT","Impuestos laborales y contribuciones (% de ganancias comerciales)","IC.TAX.LABR.CP.ZS","","","","","","","","","","","","","","","","","","","","","","","","","","","","","","","","","","","","","","","","","","","","","","26.8","26.8","26.8","26.8","26.8","26.8","26.8","26.7","26.7","26.8","26.8","26.8","26.8","26.8","26.8","","",
"Paraguay","PRY","Impuestos laborales y contribuciones (% de ganancias comerciales)","IC.TAX.LABR.CP.ZS","","","","","","","","","","","","","","","","","","","","","","","","","","","","","","","","","","","","","","","","","","","","","","18.6","18.6","18.6","18.6","18.6","18.6","18.6","18.6","18.6","18.6","18.6","18.6","18.6","18.6","18.6","","",
"Ribera Occidental y Gaza","PSE","Impuestos laborales y contribuciones (% de ganancias comerciales)","IC.TAX.LABR.CP.ZS","","","","","","","","","","","","","","","","","","","","","","","","","","","","","","","","","","","","","","","","","","","","","","0","0","0","0","0","0","0","0","0","0","0","0","0","0","0","","",
"Estados pequeos de las Islas del Pacfico","PSS","Impuestos laborales y contribuciones (% de ganancias comerciales)","IC.TAX.LABR.CP.ZS","","","","","","","","","","","","","","","","","","","","","","","","","","","","","","","","","","","","","","","","","","","","","","7.06666666666667","7.06666666666667","7.06666666666667","7.06666666666667","7.06666666666667","7.06666666666667","7.08888888888889","7.5","8.13333333333333","8.23333333333333","8.23333333333333","8.54444444444444","8.68888888888889","8.82222222222222","8.91111111111111","","",
"posterior al dividendo demográfico","PST","Impuestos laborales y contribuciones (% de ganancias comerciales)","IC.TAX.LABR.CP.ZS","","","","","","","","","","","","","","","","","","","","","","","","","","","","","","","","","","","","","","","","","","","","","","26.0387096774194","25.503125","25.109375","24.990625","24.8375","24.253125","23.4941176470588","23.6147058823529","22.9638888888889","22.9638888888889","23.0583333333333","23.0416666666667","21.9361111111111","22.2194444444444","22.5138888888889","","",
"Polinesia Francesa","PYF","Impuestos laborales y contribuciones (% de ganancias comerciales)","IC.TAX.LABR.CP.ZS","","","","","","","","","","","","","","","","","","","","","","","","","","","","","","","","","","","","","","","","","","","","","","","","","","","","","","","","","","","","","","",
"Qatar","QAT","Impuestos laborales y contribuciones (% de ganancias comerciales)","IC.TAX.LABR.CP.ZS","","","","","","","","","","","","","","","","","","","","","","","","","","","","","","","","","","","","","","","","","","","","","","","","11.3","11.3","11.3","11.3","11.3","11.3","11.3","11.3","11.3","11.3","11.3","11.3","11.3","","",
"Rumania","ROU","Impuestos laborales y contribuciones (% de ganancias comerciales)","IC.TAX.LABR.CP.ZS","","","","","","","","","","","","","","","","","","","","","","","","","","","","","","","","","","","","","","","","","","","","","","37.5","37.5","34.4","34.2","34.2","32.3","31.8","31.5","31.5","31.5","30","25.8","25.8","25.8","3.4","","",
"Federación de Rusia","RUS","Impuestos laborales y contribuciones (% de ganancias comerciales)","IC.TAX.LABR.CP.ZS","","","","","","","","","","","","","","","","","","","","","","","","","","","","","","","","","","","","","","","","","","","","","","","","","","","","","","35.2","35.4","35.6","36.1","36.3","36.4","36.6","","",
"Rwanda","RWA","Impuestos laborales y contribuciones (% de ganancias comerciales)","IC.TAX.LABR.CP.ZS","","","","","","","","","","","","","","","","","","","","","","","","","","","","","","","","","","","","","","","","","","","","","","5.7","5.7","5.7","5.7","5.7","5.7","5.7","5.6","5.6","5.6","5.6","5.6","5.9","6","6","","",
"Asia meridional","SAS","Impuestos laborales y contribuciones (% de ganancias comerciales)","IC.TAX.LABR.CP.ZS","","","","","","","","","","","","","","","","","","","","","","","","","","","","","","","","","","","","","","","","","","","","","","5.64","5.64","5.64","5.64","5.64","5.64","5.64","6.7","8.6875","8.7125","8.7625","8.8","8.8875","9.975","10.775","","",
"Arabia Saudita","SAU","Impuestos laborales y contribuciones (% de ganancias comerciales)","IC.TAX.LABR.CP.ZS","","","","","","","","","","","","","","","","","","","","","","","","","","","","","","","","","","","","","","","","","","","","","","12.4","12.4","12.4","12.4","12.4","12.4","12.4","12.4","12.4","12.4","12.8","13.5","13.5","13.5","13.5","","",
"Sudán","SDN","Impuestos laborales y contribuciones (% de ganancias comerciales)","IC.TAX.LABR.CP.ZS","","","","","","","","","","","","","","","","","","","","","","","","","","","","","","","","","","","","","","","","","","","","","","19.2","19.2","19.2","19.2","19.2","19.2","19.2","19.2","19.2","19.2","19.2","19.2","19.2","19.2","19.2","","",
"Senegal","SEN","Impuestos laborales y contribuciones (% de ganancias comerciales)","IC.TAX.LABR.CP.ZS","","","","","","","","","","","","","","","","","","","","","","","","","","","","","","","","","","","","","","","","","","","","","","24","24","24","24","24","24","24","24","23.6","23.6","23.6","23.6","23.6","23.6","23.6","","",
"Singapur","SGP","Impuestos laborales y contribuciones (% de ganancias comerciales)","IC.TAX.LABR.CP.ZS","","","","","","","","","","","","","","","","","","","","","","","","","","","","","","","","","","","","","","","","","","","","","","14.4","14.4","13.7","14.5","14.6","14.7","15.7","16.8","16.8","15.3","15.3","16.2","17.8","17.8","17.8","","",
"Islas Salomón","SLB","Impuestos laborales y contribuciones (% de ganancias comerciales)","IC.TAX.LABR.CP.ZS","","","","","","","","","","","","","","","","","","","","","","","","","","","","","","","","","","","","","","","","","","","","","","8.5","8.5","8.5","8.5","8.5","8.5","8.5","8.5","8.5","8.5","8.5","8.5","8.5","8.5","8.5","","",
"Sierra Leona","SLE","Impuestos laborales y contribuciones (% de ganancias comerciales)","IC.TAX.LABR.CP.ZS","","","","","","","","","","","","","","","","","","","","","","","","","","","","","","","","","","","","","","","","","","","","","","11.3","11.3","11.3","11.3","11.3","11.3","11.3","11.3","11.3","11.3","11.3","11.3","11.3","11.3","11.3","","",
"El Salvador","SLV","Impuestos laborales y contribuciones (% de ganancias comerciales)","IC.TAX.LABR.CP.ZS","","","","","","","","","","","","","","","","","","","","","","","","","","","","","","","","","","","","","","","","","","","","","","17.2","17.2","17.2","17.2","17.2","17.2","17.2","17.2","17.2","17.2","17.2","17.2","17.2","17.4","18.3","","",
"San Marino","SMR","Impuestos laborales y contribuciones (% de ganancias comerciales)","IC.TAX.LABR.CP.ZS","","","","","","","","","","","","","","","","","","","","","","","","","","","","","","","","","","","","","","","","","","","","","","","","","","","","","29.4","29.2","29.2","29.8","29.8","30.3","30.3","30.9","","",
"Somalia","SOM","Impuestos laborales y contribuciones (% de ganancias comerciales)","IC.TAX.LABR.CP.ZS","","","","","","","","","","","","","","","","","","","","","","","","","","","","","","","","","","","","","","","","","","","","","","","","","","","","","","","","","","","","","","",
"Serbia","SRB","Impuestos laborales y contribuciones (% de ganancias comerciales)","IC.TAX.LABR.CP.ZS","","","","","","","","","","","","","","","","","","","","","","","","","","","","","","","","","","","","","","","","","","","","","","20.2","20.2","20.2","20.2","20.2","20.2","20.2","20.2","20.2","20.2","20.2","20.2","20.2","20.2","20.2","","",
"África al sur del Sahara (excluido altos ingresos)","SSA","Impuestos laborales y contribuciones (% de ganancias comerciales)","IC.TAX.LABR.CP.ZS","","","","","","","","","","","","","","","","","","","","","","","","","","","","","","","","","","","","","","","","","","","","","","13.2953488372093","13.0386363636364","13.0340909090909","13.0159090909091","13.025","13.2363636363636","13.7363636363636","14.0155555555556","13.8565217391304","14.1782608695652","14.25","14.3347826086957","14.3565217391304","14.395652173913","14.6152173913043","","",
"Sudán del Sur","SSD","Impuestos laborales y contribuciones (% de ganancias comerciales)","IC.TAX.LABR.CP.ZS","","","","","","","","","","","","","","","","","","","","","","","","","","","","","","","","","","","","","","","","","","","","","","","","","","","","","19.2","19.2","19.2","19.2","19.2","19.2","19.2","19.2","","",
"África al sur del Sahara","SSF","Impuestos laborales y contribuciones (% de ganancias comerciales)","IC.TAX.LABR.CP.ZS","","","","","","","","","","","","","","","","","","","","","","","","","","","","","","","","","","","","","","","","","","","","","","13.5704545454545","13.3133333333333","13.3088888888889","13.2288888888889","13.2377777777778","13.4444444444444","13.6866666666667","13.7478260869565","13.5978723404255","13.9127659574468","13.9957446808511","14.0787234042553","14.1","14.1382978723404","14.3531914893617","","",
"Pequeños Estados","SST","Impuestos laborales y contribuciones (% de ganancias comerciales)","IC.TAX.LABR.CP.ZS","","","","","","","","","","","","","","","","","","","","","","","","","","","","","","","","","","","","","","","","","","","","","","9.34871794871795","9.5","9.53636363636364","9.55333333333334","9.54222222222223","9.59777777777778","9.60638297872341","9.95833333333334","9.95833333333334","10.0166666666667","10.1458333333333","10.23125","10.2979166666667","10.3979166666667","10.6166666666667","","",
"Santo Tomé y Príncipe","STP","Impuestos laborales y contribuciones (% de ganancias comerciales)","IC.TAX.LABR.CP.ZS","","","","","","","","","","","","","","","","","","","","","","","","","","","","","","","","","","","","","","","","","","","","","","6.8","6.8","6.8","6.8","6.8","6.8","6.8","6.8","6.8","6.8","6.8","6.8","6.8","6.8","6.8","","",
"Suriname","SUR","Impuestos laborales y contribuciones (% de ganancias comerciales)","IC.TAX.LABR.CP.ZS","","","","","","","","","","","","","","","","","","","","","","","","","","","","","","","","","","","","","","","","","","","","","","0","0","0","0","0","0","0","0","0","0","0","0","0","0","0","","",
"República Eslovaca","SVK","Impuestos laborales y contribuciones (% de ganancias comerciales)","IC.TAX.LABR.CP.ZS","","","","","","","","","","","","","","","","","","","","","","","","","","","","","","","","","","","","","","","","","","","","","","39.7","39.7","39.7","39.5","39.6","39.6","39.6","39.6","39.5","39.7","39.7","39.7","39.7","39.7","39.7","","",
"Eslovenia","SVN","Impuestos laborales y contribuciones (% de ganancias comerciales)","IC.TAX.LABR.CP.ZS","","","","","","","","","","","","","","","","","","","","","","","","","","","","","","","","","","","","","","","","","","","","","","23.1","23.1","22","21.1","19.9","18.2","18.2","18.2","18.2","18.2","18.2","18.2","18.2","18.2","18.2","","",
"Suecia","SWE","Impuestos laborales y contribuciones (% de ganancias comerciales)","IC.TAX.LABR.CP.ZS","","","","","","","","","","","","","","","","","","","","","","","","","","","","","","","","","","","","","","","","","","","","","","36.9","36.9","36.4","36.4","36.6","35.4","35.4","35.4","35.4","35.4","35.4","35.4","35.4","35.4","35.4","","",
"Eswatini","SWZ","Impuestos laborales y contribuciones (% de ganancias comerciales)","IC.TAX.LABR.CP.ZS","","","","","","","","","","","","","","","","","","","","","","","","","","","","","","","","","","","","","","","","","","","","","","4","4","4","4","4","4","5.6","4","4.5","4.7","5","5.5","5.7","6.4","6.4","","",
"Sint Maarten (Dutch part)","SXM","Impuestos laborales y contribuciones (% de ganancias comerciales)","IC.TAX.LABR.CP.ZS","","","","","","","","","","","","","","","","","","","","","","","","","","","","","","","","","","","","","","","","","","","","","","","","","","","","","","","","","","","","","","",
"Seychelles","SYC","Impuestos laborales y contribuciones (% de ganancias comerciales)","IC.TAX.LABR.CP.ZS","","","","","","","","","","","","","","","","","","","","","","","","","","","","","","","","","","","","","","","","","","","","","","25.4","25.4","25.4","22.6","22.6","22.6","11.5","1.7","1.7","1.7","2.3","2.3","2.3","2.3","2.3","","",
"República Árabe Siria","SYR","Impuestos laborales y contribuciones (% de ganancias comerciales)","IC.TAX.LABR.CP.ZS","","","","","","","","","","","","","","","","","","","","","","","","","","","","","","","","","","","","","","","","","","","","","","19.3","19.3","19.3","19.3","19.3","19.3","19.3","19.3","19.3","19.3","19.3","19.3","19.3","19.3","19.3","","",
"Islas Turcas y Caicos","TCA","Impuestos laborales y contribuciones (% de ganancias comerciales)","IC.TAX.LABR.CP.ZS","","","","","","","","","","","","","","","","","","","","","","","","","","","","","","","","","","","","","","","","","","","","","","","","","","","","","","","","","","","","","","",
"Chad","TCD","Impuestos laborales y contribuciones (% de ganancias comerciales)","IC.TAX.LABR.CP.ZS","","","","","","","","","","","","","","","","","","","","","","","","","","","","","","","","","","","","","","","","","","","","","","23.9","23.9","23.9","23.9","23.9","28.4","28.4","28.4","28.4","28.4","28.4","28.4","28.4","28.4","28.4","","",
"Asia oriental y el Pacífico (BIRF y la AIF)","TEA","Impuestos laborales y contribuciones (% de ganancias comerciales)","IC.TAX.LABR.CP.ZS","","","","","","","","","","","","","","","","","","","","","","","","","","","","","","","","","","","","","","","","","","","","","","8.48333333333333","8.48333333333333","8.48333333333333","8.5","8.05","8.11111111111111","8.30555555555556","8.06315789473684","10.2904761904762","10.3571428571429","10.3571428571429","10.6238095238095","10.7047619047619","10.6238095238095","11.0714285714286","","",
"Europa y Asia central (BIRF y la AIF)","TEC","Impuestos laborales y contribuciones (% de ganancias comerciales)","IC.TAX.LABR.CP.ZS","","","","","","","","","","","","","","","","","","","","","","","","","","","","","","","","","","","","","","","","","","","","","","28.2263157894737","26.54","25.075","25.01","22.1809523809524","21.5238095238095","20.8095238095238","20.852380952381","21.0272727272727","20.15","20.2318181818182","19.9818181818182","19.1772727272727","19.1045454545455","18.2318181818182","","",
"Togo","TGO","Impuestos laborales y contribuciones (% de ganancias comerciales)","IC.TAX.LABR.CP.ZS","","","","","","","","","","","","","","","","","","","","","","","","","","","","","","","","","","","","","","","","","","","","","","28.3","28.3","28.3","28.3","28.3","28.3","26.5","26.5","27.1","25.4","23.1","23.1","23.1","23.1","23.1","","",
"Tailandia","THA","Impuestos laborales y contribuciones (% de ganancias comerciales)","IC.TAX.LABR.CP.ZS","","","","","","","","","","","","","","","","","","","","","","","","","","","","","","","","","","","","","","","","","","","","","","5.7","5.7","5.7","5.7","5.7","5.7","5.7","5.7","4","4.3","5.4","5.4","5.4","5.4","5.4","","",
"Tayikistán","TJK","Impuestos laborales y contribuciones (% de ganancias comerciales)","IC.TAX.LABR.CP.ZS","","","","","","","","","","","","","","","","","","","","","","","","","","","","","","","","","","","","","","","","","","","","","","28.2","28.2","28.2","28.2","28.5","28.5","28.5","28.5","28.5","28.5","28.5","28.5","28.5","28.5","28.5","","",
"Turkmenistán","TKM","Impuestos laborales y contribuciones (% de ganancias comerciales)","IC.TAX.LABR.CP.ZS","","","","","","","","","","","","","","","","","","","","","","","","","","","","","","","","","","","","","","","","","","","","","","","","","","","","","","","","","","","","","","",
"América Latina y el Caribe (BIRF y la AIF)","TLA","Impuestos laborales y contribuciones (% de ganancias comerciales)","IC.TAX.LABR.CP.ZS","","","","","","","","","","","","","","","","","","","","","","","","","","","","","","","","","","","","","","","","","","","","","","13.05","13.0892857142857","13.1642857142857","13.4357142857143","13.8285714285714","13.8535714285714","13.7214285714286","13.5678571428571","14.8466666666667","15.02","14.72","14.7633333333333","14.81","14.9266666666667","15.1833333333333","","",
"Timor-Leste","TLS","Impuestos laborales y contribuciones (% de ganancias comerciales)","IC.TAX.LABR.CP.ZS","","","","","","","","","","","","","","","","","","","","","","","","","","","","","","","","","","","","","","","","","","","","","","0","0","0","0","0","0","0","0","0","0","0","0","0","0","6.8","","",
"Oriente Medio y Norte de África (BIRF y la AIF)","TMN","Impuestos laborales y contribuciones (% de ganancias comerciales)","IC.TAX.LABR.CP.ZS","","","","","","","","","","","","","","","","","","","","","","","","","","","","","","","","","","","","","","","","","","","","","","20.4727272727273","20.4727272727273","20.5363636363636","20.5545454545455","20.6909090909091","20.7545454545455","20.8727272727273","19.9166666666667","19.6916666666667","19.8416666666667","19.9166666666667","20.0083333333333","20.3583333333333","20.5916666666667","20.35","","",
"Tonga","TON","Impuestos laborales y contribuciones (% de ganancias comerciales)","IC.TAX.LABR.CP.ZS","","","","","","","","","","","","","","","","","","","","","","","","","","","","","","","","","","","","","","","","","","","","","","0","0","0","0","0","0","0","0","5.6","5.6","5.6","5.6","5.6","5.6","5.6","","",
"Asia meridional (BIRF y la AIF)","TSA","Impuestos laborales y contribuciones (% de ganancias comerciales)","IC.TAX.LABR.CP.ZS","","","","","","","","","","","","","","","","","","","","","","","","","","","","","","","","","","","","","","","","","","","","","","5.64","5.64","5.64","5.64","5.64","5.64","5.64","6.7","8.6875","8.7125","8.7625","8.8","8.8875","9.975","10.775","","",
"África al sur del Sahara (BIRF y la AIF)","TSS","Impuestos laborales y contribuciones (% de ganancias comerciales)","IC.TAX.LABR.CP.ZS","","","","","","","","","","","","","","","","","","","","","","","","","","","","","","","","","","","","","","","","","","","","","","13.5704545454545","13.3133333333333","13.3088888888889","13.2288888888889","13.2377777777778","13.4444444444444","13.6866666666667","13.7478260869565","13.5978723404255","13.9127659574468","13.9957446808511","14.0787234042553","14.1","14.1382978723404","14.3531914893617","","",
"Trinidad y Tobago","TTO","Impuestos laborales y contribuciones (% de ganancias comerciales)","IC.TAX.LABR.CP.ZS","","","","","","","","","","","","","","","","","","","","","","","","","","","","","","","","","","","","","","","","","","","","","","8.3","8.3","8.3","8.3","8.3","8.3","8.3","8.3","7.6","8.2","8.5","8.5","9.4","9.4","9.4","","",
"Túnez","TUN","Impuestos laborales y contribuciones (% de ganancias comerciales)","IC.TAX.LABR.CP.ZS","","","","","","","","","","","","","","","","","","","","","","","","","","","","","","","","","","","","","","","","","","","","","","24.6","24.6","24.6","24.6","25.3","25.3","25.3","25.3","25.3","25.3","25.3","25.3","25.3","25.3","25.3","","",
"Turquía","TUR","Impuestos laborales y contribuciones (% de ganancias comerciales)","IC.TAX.LABR.CP.ZS","","","","","","","","","","","","","","","","","","","","","","","","","","","","","","","","","","","","","","","","","","","","","","25","25","24.3","24.3","22.8","22.8","18.7","18.6","18.6","19","19.7","19.7","19.7","19.7","19.7","","",
"Tuvalu","TUV","Impuestos laborales y contribuciones (% de ganancias comerciales)","IC.TAX.LABR.CP.ZS","","","","","","","","","","","","","","","","","","","","","","","","","","","","","","","","","","","","","","","","","","","","","","","","","","","","","","","","","","","","","","",
"Tanzanía","TZA","Impuestos laborales y contribuciones (% de ganancias comerciales)","IC.TAX.LABR.CP.ZS","","","","","","","","","","","","","","","","","","","","","","","","","","","","","","","","","","","","","","","","","","","","","","18","18","18","18","18","18","18","18","18","17.5","16.9","17.5","17.8","17.5","17.5","","",
"Uganda","UGA","Impuestos laborales y contribuciones (% de ganancias comerciales)","IC.TAX.LABR.CP.ZS","","","","","","","","","","","","","","","","","","","","","","","","","","","","","","","","","","","","","","","","","","","","","","11.3","11.3","11.3","11.3","11.3","11.3","11.3","11.3","11.3","11.3","11.3","11.3","11.3","11.3","11.3","","",
"Ucrania","UKR","Impuestos laborales y contribuciones (% de ganancias comerciales)","IC.TAX.LABR.CP.ZS","","","","","","","","","","","","","","","","","","","","","","","","","","","","","","","","","","","","","","","","","","","","","","44.3","44","43.4","43.3","43.3","43.3","43.3","43.1","43.1","43.1","43.1","43.1","24.8","29.6","33.8","","",
"Ingreso mediano alto","UMC","Impuestos laborales y contribuciones (% de ganancias comerciales)","IC.TAX.LABR.CP.ZS","","","","","","","","","","","","","","","","","","","","","","","","","","","","","","","","","","","","","","","","","","","","","","15.4604651162791","15.0863636363636","14.7477272727273","14.8409090909091","13.9977777777778","13.7555555555556","13.42","13.5630434782609","15.354","15.026","14.884","14.986","14.992","15.034","15.17","","",
"Uruguay","URY","Impuestos laborales y contribuciones (% de ganancias comerciales)","IC.TAX.LABR.CP.ZS","","","","","","","","","","","","","","","","","","","","","","","","","","","","","","","","","","","","","","","","","","","","","","6.9","6.9","6.9","9.9","15.6","15.6","15.6","15.6","15.6","15.6","15.6","15.6","15.6","15.6","15.6","","",
"Estados Unidos","USA","Impuestos laborales y contribuciones (% de ganancias comerciales)","IC.TAX.LABR.CP.ZS","","","","","","","","","","","","","","","","","","","","","","","","","","","","","","","","","","","","","","","","","","","","","","","","","","","","","","9.7","9.7","9.8","9.8","9.8","9.8","9.8","","",
"Uzbekistán","UZB","Impuestos laborales y contribuciones (% de ganancias comerciales)","IC.TAX.LABR.CP.ZS","","","","","","","","","","","","","","","","","","","","","","","","","","","","","","","","","","","","","","","","","","","","","","37.2","35","28.2","27.1","27.1","27.1","28.2","28.2","28.2","28.2","28.2","24.9","24.9","17.4","17.4","","",
"San Vicente y las Granadinas","VCT","Impuestos laborales y contribuciones (% de ganancias comerciales)","IC.TAX.LABR.CP.ZS","","","","","","","","","","","","","","","","","","","","","","","","","","","","","","","","","","","","","","","","","","","","","","3.9","3.9","3.9","3.9","5.1","5.1","5.1","5.1","5.1","5.1","6.2","6.2","6.2","6.2","6.2","","",
"Venezuela","VEN","Impuestos laborales y contribuciones (% de ganancias comerciales)","IC.TAX.LABR.CP.ZS","","","","","","","","","","","","","","","","","","","","","","","","","","","","","","","","","","","","","","","","","","","","","","17.7","17.7","18","18","18","18","18","18","18","18","18","18","18","18","18.2","","",
"Islas Vírgenes Británicas","VGB","Impuestos laborales y contribuciones (% de ganancias comerciales)","IC.TAX.LABR.CP.ZS","","","","","","","","","","","","","","","","","","","","","","","","","","","","","","","","","","","","","","","","","","","","","","","","","","","","","","","","","","","","","","",
"Islas Vírgenes (EE.UU.)","VIR","Impuestos laborales y contribuciones (% de ganancias comerciales)","IC.TAX.LABR.CP.ZS","","","","","","","","","","","","","","","","","","","","","","","","","","","","","","","","","","","","","","","","","","","","","","","","","","","","","","","","","","","","","","",
"Viet Nam","VNM","Impuestos laborales y contribuciones (% de ganancias comerciales)","IC.TAX.LABR.CP.ZS","","","","","","","","","","","","","","","","","","","","","","","","","","","","","","","","","","","","","","","","","","","","","","19.2","19.2","19.2","19.2","19.2","20.3","22.6","22.6","23.7","23.7","24.8","24.8","24.8","24.5","24.3","","",
"Vanuatu","VUT","Impuestos laborales y contribuciones (% de ganancias comerciales)","IC.TAX.LABR.CP.ZS","","","","","","","","","","","","","","","","","","","","","","","","","","","","","","","","","","","","","","","","","","","","","","4.5","4.5","4.5","4.5","4.5","4.5","4.5","4.5","4.5","4.5","4.5","4.5","4.5","4.5","4.5","","",
"Mundo","WLD","Impuestos laborales y contribuciones (% de ganancias comerciales)","IC.TAX.LABR.CP.ZS","","","","","","","","","","","","","","","","","","","","","","","","","","","","","","","","","","","","","","","","","","","","","","16.8656441717791","16.5748502994012","16.2970588235294","16.2836257309942","16.006976744186","15.9540697674419","15.9545977011494","15.9651685393258","16.1756613756614","16.1984126984127","16.2100529100529","16.2455026455027","16.0873015873016","16.1763157894737","16.2778947368421","","",
"Samoa","WSM","Impuestos laborales y contribuciones (% de ganancias comerciales)","IC.TAX.LABR.CP.ZS","","","","","","","","","","","","","","","","","","","","","","","","","","","","","","","","","","","","","","","","","","","","","","6.8","6.8","6.8","6.8","6.8","6.8","6.8","6.8","6.8","6.8","6.8","7.3","8.5","8.5","8.5","","",
"Kosovo","XKX","Impuestos laborales y contribuciones (% de ganancias comerciales)","IC.TAX.LABR.CP.ZS","","","","","","","","","","","","","","","","","","","","","","","","","","","","","","","","","","","","","","","","","","","","","","","","","","5.6","5.6","5.6","5.6","5.6","5.6","5.6","5.6","5.6","5.6","5.6","","",
"Yemen, Rep. del","YEM","Impuestos laborales y contribuciones (% de ganancias comerciales)","IC.TAX.LABR.CP.ZS","","","","","","","","","","","","","","","","","","","","","","","","","","","","","","","","","","","","","","","","","","","","","","11.3","11.3","11.3","11.3","11.3","11.3","11.3","11.3","11.3","11.3","11.3","11.3","11.3","11.3","11.3","","",
"Sudáfrica","ZAF","Impuestos laborales y contribuciones (% de ganancias comerciales)","IC.TAX.LABR.CP.ZS","","","","","","","","","","","","","","","","","","","","","","","","","","","","","","","","","","","","","","","","","","","","","","4.5","4.5","4.3","2.3","2.4","2.5","4.1","4.1","4","4","4","4","4","4","4","","",
"Zambia","ZMB","Impuestos laborales y contribuciones (% de ganancias comerciales)","IC.TAX.LABR.CP.ZS","","","","","","","","","","","","","","","","","","","","","","","","","","","","","","","","","","","","","","","","","","","","","","10.4","10.4","10.4","10.4","10.4","10.4","10.4","10.4","10.4","10.4","10.4","10.4","10.4","10.4","10.4","","",
"Zimbabwe","ZWE","Impuestos laborales y contribuciones (% de ganancias comerciales)","IC.TAX.LABR.CP.ZS","","","","","","","","","","","","","","","","","","","","","","","","","","","","","","","","","","","","","","","","","","","","","","4.7","4.7","4.7","4.7","5.1","6.2","5.1","5.1","5.1","5.3","5.6","5.6","5.6","5.6","5.6","","",
